Sheet,SourceRow,SourceIdentity,SourceHash,ExpectedDomainObjects,CreatedIds,MatchedIds,SourceCriticalValues,PersistedCriticalValues,Warnings,Errors,Result
CTT LICENCIAS OP,6,Multimed|Licencia de Operaciones Dispositivos Medicos,bcde0ab53c210266,OperatingLicense(+companyDates),,,constit=2003-01-17 00:00:00;ops=2003-01-01 00:00:00;exp=2029-11-21 00:00:00,constitution=2003-01-17;ops=2003-01-01,,,PASS_MATCHED
CTT LICENCIAS OP,7,4 Hospital|Licencia de Operaciones Dispositivos Medicos,4b148803dbfd323f,OperatingLicense(+companyDates),,,constit=2012-01-06 00:00:00;ops=2013-08-01 00:00:00;exp=2029-11-20 00:00:00,constitution=2012-01-06;ops=2013-08-01,,,PASS_MATCHED
CTT LICENCIAS OP,8,Multimed|Certificado de Registro Nacional de Oferentes,d918e9ce497e8456,OperatingLicense(+companyDates),,,constit=2003-01-17 00:00:00;ops=2003-01-01 00:00:00;exp=2027-03-13 00:00:00,constitution=2003-01-17;ops=2003-01-01,,,PASS_MATCHED
CTT LICENCIAS OP,9,4 Hospital|Certificado de Registro Nacional de Oferentes,28f80369fb9d89d4,OperatingLicense(+companyDates),,,constit=2012-01-06 00:00:00;ops=2013-08-01 00:00:00;exp=2026-09-01 00:00:00,constitution=2012-01-06;ops=2013-08-01,,,PASS_MATCHED
CTT LICENCIAS OP,10,Multimed|Licencia Farmacia y Drogas,9b5bc13947cef9ff,OperatingLicense(+companyDates),,,constit=2003-01-17 00:00:00;ops=2003-01-01 00:00:00;exp=2027-01-30 00:00:00,constitution=2003-01-17;ops=2003-01-01,,,PASS_MATCHED
CTT LICENCIAS OP,11,Multimed|Licencia Farmacia y Drogas No Farmaceutica,fb7a147e8a955817,OperatingLicense(+companyDates),,,constit=2003-01-17 00:00:00;ops=2003-01-01 00:00:00;exp=2026-06-10 00:00:00,constitution=2003-01-17;ops=2003-01-01,,,PASS_MATCHED
CTT LICENCIAS OP,12,Multimed|Permiso Sanitario de Operación /Limpieza Hospitales,968b2b8b08c65b01,OperatingLicense(+companyDates),,,constit=2003-01-17 00:00:00;ops=2003-01-01 00:00:00;exp=2025-10-02 00:00:00,constitution=2003-01-17;ops=2003-01-01,,,PASS_MATCHED
CTT LICENCIAS OP,13,"4 Hospitals/Multimed|Registro de Marca
4Hospitals/Multimed",a923aa657433abe5,OperatingLicense(+companyDates),,,constit=2003-01-17 00:00:00;ops=2003-01-01 00:00:00;exp=2026-08-01 00:00:00,constitution=2012-01-06;ops=2013-08-01,,,PASS_MATCHED
CTT REGISTROS,2,(empty),36777a63afe0cce6,none,,,,,empty product name,,REJECTED_EXPECTED
CTT REGISTROS,3,"ENVIROTACK|ALFOMBRAS PARA COLOCAR EN AREA DE PREPARACION DE MEZCLAS PARENTERALES|PM184634W
 PM184634B
 PM184634G",e98ce60c4b027203,MedicalDeviceProduct(+SanitaryRegistration|Dossier),,,ficha=None;formulario=None,,,,PASS_MATCHED
CTT REGISTROS,4,"4HOSPITALS, INC. |APLICADOR DE MADERA CON ALGODON, NO ESTERIL |4H-TRM-300
4H-TRM-301
4H-TRM-302",38b455e91f2d5108,MedicalDeviceProduct(+SanitaryRegistration|Dossier),,,ficha=None;formulario=None,,,,PASS_MATCHED
CTT REGISTROS,5,"4HOSPITALS, INC. |APLICADOR DE MADERA CON ALGODON, ESTERIL |4H-TRM-303
4H-TRM-304",95fb2cd1bfd28c42,MedicalDeviceProduct(+SanitaryRegistration|Dossier),,,ficha=None;formulario=None,,,,PASS_MATCHED
CTT REGISTROS,6,"4HOSPITALS INSUMOS Y EQUIPOS MEDICOS |APOSITO TRANSPARENTE ESTERIL |4H-ZLM-201
4H-ZLM-202
4H-ZLM-203
4H-ZLM-204
4H-ZLM-205
4H-ZLM-206
4H-ZLM-207
4H-ZLM-208
4H-ZLM-209
4H-ZLM-210
4H-ZLM-211
4H-ZLM-212
4H-ZLM-213
4H-ZLM-21",c0b3cad965bc62ca,MedicalDeviceProduct(+SanitaryRegistration|Dossier),,,ficha=None;formulario=None,,,,PASS_MATCHED
CTT REGISTROS,7,"4HOSPITALS, INC. |APOSITO OCULAR ADULTO |4H-TRM-200
",660e684d0943f6da,MedicalDeviceProduct(+SanitaryRegistration|Dossier),,,ficha=None;formulario=None,,,,PASS_MATCHED
CTT REGISTROS,8,"STERIKING|BOLSA MIXTA TERMOSELLABLE PARA ESTERILIZAR 4""X12""(100X300MM)PAPEL GRADO MEDICO 70g/m2|S8",abac5fde4e593814,MedicalDeviceProduct(+SanitaryRegistration|Dossier),,,ficha=None;formulario=None,,,,PASS_MATCHED
CTT REGISTROS,9,"STERIKING|BOLSA MIXTA TERMOSELLABLE PARA ESTERILIZAR 6""X12""(150X300MM)|S20",b16f208c2f9cc97a,MedicalDeviceProduct(+SanitaryRegistration|Dossier),,,ficha=None;formulario=None,,,,PASS_MATCHED
CTT REGISTROS,10,"4HOSPITALS INSUMOS Y EQUIPOS MEDICOS |CINTA ADHESIVA DE PAPEL MICROPOROSO|4H-CMM-131
4H-CMM-132
4H-CMM-133",ee7275374aebefcc,MedicalDeviceProduct(+SanitaryRegistration|Dossier),,,ficha=None;formulario=None,,,,PASS_MATCHED
CTT REGISTROS,11,"4HOSPITALS INSUMOS Y EQUIPOS MEDICOS |CINTA ADHESIVA DE PLASTICO TRANSPARENTE |4H-CMM-100
4H-CMM-101
4H-CMM-102
4H-CMM-103",c0bc121a1bceeba8,MedicalDeviceProduct(+SanitaryRegistration|Dossier),,,ficha=None;formulario=None,,,,PASS_MATCHED
CTT REGISTROS,12,"4HOSPITALS, INC. |BOLSA COLECTORA DE ORINA PARA ADULTO|66090200
66090201
66090202",9b4fc1208a310a2d,MedicalDeviceProduct(+SanitaryRegistration|Dossier),,,ficha=None;formulario=None,,,,PASS_MATCHED
CTT REGISTROS,13,"4HOSPITALS, INC. |BOLSA COLECTORA DE ORINA 100ML DE CAPACIDAD DE PIERNA|66090222",6c909194abe2d67e,MedicalDeviceProduct(+SanitaryRegistration|Dossier),,,ficha=None;formulario=None,,,,PASS_MATCHED
CTT REGISTROS,14,4HOSPITALS INSUMOS Y EQUIPOS MEDICOS |CUBIERTAS PARA ZAPATOS|64071302,097f0e9c282ad7fd,MedicalDeviceProduct(+SanitaryRegistration|Dossier),,,ficha=None;formulario=None,,,,PASS_MATCHED
CTT REGISTROS,15,BUSSE|JUEGO DE SABANA DESECHABLE PARA CUIDADO DE CADAVER|725,8f74ce4622d62bbb,MedicalDeviceProduct(+SanitaryRegistration|Dossier),,,ficha=None;formulario=None,,,,PASS_MATCHED
CTT REGISTROS,16,"4HOSPITALS INSUMOS Y EQUIPOS MEDICOS |CONECTOR PARA BOMBA DE INFUSION CON FILTRO DE AIRE|4H-JNM-1000
4H-JNM-1001",badf1752347a6f47,MedicalDeviceProduct(+SanitaryRegistration|Dossier),,,ficha=None;formulario=None,,,,PASS_MATCHED
CTT REGISTROS,17,"TKMD|CONECTOR PARA BOMBA DE INFUSION CON FILTRO DE AIRE|4H-TKM-1000
 4H-TKM-1001",0e68ff33b0d1a722,MedicalDeviceProduct(+SanitaryRegistration|Dossier),,,ficha=None;formulario=None,,,,PASS_MATCHED
CTT REGISTROS,18,"MEDADV|TUBO ENDOTRAQUEAL CON BALON|M424
M425
M426
M414
M427
M428
M429
M410
M411
M412
M413
M430
M431
M432
M433",189fa1c25bea60ad,MedicalDeviceProduct(+SanitaryRegistration|Dossier),,,ficha=None;formulario=None,,,,PASS_MATCHED
CTT REGISTROS,19,"ULTRA DIANA|TOALLA SANITARIA MATERNAL|8 690879
 300053",fe108af876be1c34,MedicalDeviceProduct(+SanitaryRegistration|Dossier),,,ficha=None;formulario=None,,,,PASS_MATCHED
CTT REGISTROS,20,"STERIKING|ROLLO SIN FUELLE TERMOSELLABLE PARA ESTERILIZACION DE 3"" DE ANCHO X 660 PIES
 ( 7.5 CM O 75 MM X 200 MTS), PAPEL GRADO MÉDICO DE 70 G/M²|R40",479fd1fcd10ba8f8,MedicalDeviceProduct(+SanitaryRegistration|Dossier),,,ficha=None;formulario=None,,,,PASS_MATCHED
CTT REGISTROS,21,"STERIKING|ROLLO SIN FUELLE TERMOSELLABLE PARA ESTERILIZACION DE 4"" DE
ANCHO X 660 PIES (10 CM O 100 MM X 200 MTS), PAPEL GRADO MEDICO DE 70G/M²|R41",17493c73b4ecc7db,MedicalDeviceProduct(+SanitaryRegistration|Dossier),,,ficha=None;formulario=None,,,,PASS_MATCHED
CTT REGISTROS,22,4HOSPITALS INSUMOS Y EQUIPOS MEDICOS |VENDA ABDOMINAL QUIRURGICAS|64020322,e3eb3514bf4cf507,MedicalDeviceProduct(+SanitaryRegistration|Dossier),,,ficha=None;formulario=None,,,,PASS_MATCHED
CTT REGISTROS,23,"MEIYI|HOJA DE BISTURI DE ACERO INOXIDABLE|SS10
SS11
SS12
SS13
SS15
SS16
SS20
SS21
SS22
SS23
SS24
SS25",8f9a7b4ff29986f8,MedicalDeviceProduct(+SanitaryRegistration|Dossier),,,ficha=None;formulario=None,,,,PASS_MATCHED
CTT REGISTROS,24,"STERIKING|ROLLO SIN FUELLE TERMOSELLABLE PARA ESTERILIZACION DE 6"" DE ANCHO DE 660 PIES
 ( 15 CM 0 150 MM X 200 MTS), PAPEL GRADO MEDICO DE 70G/M²|R42",874486371b23eb0b,MedicalDeviceProduct(+SanitaryRegistration|Dossier),,,ficha=None;formulario=None,,,,PASS_MATCHED
CTT REGISTROS,25,"STERIKING|ROLLO SIN FUELLE TERMOSELLABLE PARA ESTERILIZACION DE 8"" DE ANCHO X 660 PIES
 (20 CM O 200 MM X 200 MTS.), PAPEL GRADO MEDICO DE 70G/M²|R43",97d84a71e59dbffc,MedicalDeviceProduct(+SanitaryRegistration|Dossier),,,ficha=None;formulario=None,,,,PASS_MATCHED
CTT REGISTROS,26,"STERIKING|ROLLO SIN FUELLE TERMOSELLABLE PARA ESTERILIZACION DE 10"" DE ANCHO X 660 PIES
 (25 CM O 250 MM X 200 MTS), PAPEL GRADO MEDICO DE 70G/M²|R44",b79287ec4d52f2b1,MedicalDeviceProduct(+SanitaryRegistration|Dossier),,,ficha=None;formulario=None,,,,PASS_MATCHED
CTT REGISTROS,27,"STERIKING|ROLLO SIN FUELLE TERMOSELLABLE PARA ESTERILIZACION DE 12"" DE ANCHO X 660 PIES
 (30 CM O 300 MM X 200 MTS), PAPEL GRADO MEDICO DE 70G/M²|R45",c997f0b16970dbab,MedicalDeviceProduct(+SanitaryRegistration|Dossier),,,ficha=None;formulario=None,,,,PASS_MATCHED
CTT REGISTROS,28,"STERIKING|ROLLO SIN FUELLE TERMOSELLABLE PARA ESTERILIZACION DE 14"" DE ANCHO X 660 PIES
 (35 CM O 350 MM X 200 MTS), PAPEL GRADO MEDICO DE 70G/M²|R46",ec28348708087079,MedicalDeviceProduct(+SanitaryRegistration|Dossier),,,ficha=None;formulario=None,,,,PASS_MATCHED
CTT REGISTROS,29,"STERIKING|ROLLO SIN FUELLE TERMOSELLABLE PARA ESTERILIZACION DE 2"" DE ANCHO X 660 PIES
 (5 CM O 50 MM X 200 MTS.). PAPEL GRADO MEDICO 70G/M²|R39",9fb0057759683af6,MedicalDeviceProduct(+SanitaryRegistration|Dossier),,,ficha=None;formulario=None,,,,PASS_MATCHED
CTT REGISTROS,30,UM|ROPA DESECHABLE PARA LAPARATOMIA COMPLETO|PT10260ES,b3d2360ed77053e6,MedicalDeviceProduct(+SanitaryRegistration|Dossier),,,ficha=None;formulario=None,,,,PASS_MATCHED
CTT REGISTROS,31,4HOSPITALS INSUMOS Y EQUIPOS MEDICOS |ROPA DESECHABLE PARA LAPARATOMIA COMPLETO|SET-4HLAPARATOMIACP,6ec4fef36a9b07ce,MedicalDeviceProduct(+SanitaryRegistration|Dossier),,,ficha=None;formulario=None,,,,PASS_MATCHED
CTT REGISTROS,32,"MEDADV|MASCARA FACIAL DE ANESTESIA PARA ADULTO|M417
M418
M419",c1b844dc1d3633eb,MedicalDeviceProduct(+SanitaryRegistration|Dossier),,,ficha=None;formulario=None,,,,PASS_MATCHED
CTT REGISTROS,33,"MEDADV|MASCARA DE ANESTESIA PEDIÁTRICO|M453

M416
M454

M417",5e44f4c122cfeaad,MedicalDeviceProduct(+SanitaryRegistration|Dossier),,,ficha=None;formulario=None,,,,PASS_MATCHED
CTT REGISTROS,34,4HOSPITALS INSUMOS Y EQUIPOS MEDICOS |MASCARILLA RECTANGULAR CON O SIN VISOR|64070120,b9b5852fed2e8743,MedicalDeviceProduct(+SanitaryRegistration|Dossier),,,ficha=None;formulario=None,,,,PASS_MATCHED
CTT REGISTROS,35,"MEIYI|HOJA DE BISTURI DE ACERO AL CARBON|CS10
CS11
CS12
CS15
CS20
CS21
CS22
CS23
CS24
CS25",0f19bd1d6315c276,MedicalDeviceProduct(+SanitaryRegistration|Dossier),,,ficha=None;formulario=None,,,,PASS_MATCHED
CTT REGISTROS,36,4HOSPITALS INSUMOS Y EQUIPOS MEDICOS |SET DE ROPA DE PARTO|SET-4HPARTO,d3b09ceb43a7781c,MedicalDeviceProduct(+SanitaryRegistration|Dossier),,,ficha=None;formulario=None,,,,PASS_MATCHED
CTT REGISTROS,37,4HOSPITALS INSUMOS Y EQUIPOS MEDICOS |SET DE ROPA DESECHABLE PARA DILATACION Y CURETAJE|SETXZP-4HDC,2a221bb03109d27e,MedicalDeviceProduct(+SanitaryRegistration|Dossier),,,ficha=None;formulario=None,,,,PASS_MATCHED
CTT REGISTROS,38,4HOSPITALS INSUMOS Y EQUIPOS MEDICOS |SET DE ROPA DESECHABLE PARA OFTALMOLOGIA|SETXZP-4HOFT,91de211352e5ab39,MedicalDeviceProduct(+SanitaryRegistration|Dossier),,,ficha=None;formulario=None,,,,PASS_MATCHED
CTT REGISTROS,39,"PRIME MEDICAL|VENDA DE FIBRA DE VIDRIO 2 A 5 PULGADAS|F2
F3
F4
F5",0d007c77bd1f6a16,MedicalDeviceProduct(+SanitaryRegistration|Dossier),,,ficha=None;formulario=None,,,,PASS_MATCHED
CTT REGISTROS,40,4HOSPITALS INSUMOS Y EQUIPOS MEDICOS |ROPA DESECHABLE PARA LAPARATOMIA|SET-4HLAPARATOMIA ,06c4618556d9a970,MedicalDeviceProduct(+SanitaryRegistration|Dossier),,,ficha=None;formulario=None,,,,PASS_MATCHED
CTT REGISTROS,41,"4HOSPITALS INSUMOS Y EQUIPOS MEDICOS |CINTA ADHESIVA MICROPOROSA COLOR PIEL |4H-CMM-154
4H-CMM-155
4H-CMM-156
4H-CMM-157",c3b0ce63d86cd4ad,MedicalDeviceProduct(+SanitaryRegistration|Dossier),,,ficha=None;formulario=None,,,,PASS_MATCHED
CTT REGISTROS,42,4HOSPITALS INSUMOS Y EQUIPOS MEDICOS |JUEGOS DE ROPA DESECHEBLE PARA CAMA DE PACIENTE|MSP-ZTBK1,331d6090ad7a6342,MedicalDeviceProduct(+SanitaryRegistration|Dossier),,,ficha=None;formulario=None,,,,PASS_MATCHED
CTT REGISTROS,43,"4HOSPITALS, INC. |SONDA FOLEY DE LATEX RECUBIERTA CON SILICON , 2 VÍAS CON BALÓN DE 5 CC/ML|66050402-5

66050403-5

66050404-5

66050405-5

66050406-5

66050407-5

66050408-5",5dfc24e8f1397a4e,MedicalDeviceProduct(+SanitaryRegistration|Dossier),,,ficha=None;formulario=None,,,,PASS_MATCHED
CTT REGISTROS,44,"DS MAREF|MANGA DE COMPRESION NEUMATICA SECUENCIAL Y/O INTERMITENTE DESDE EL TOBILLO HASTA EL MUSLO PARA LA PROFILAXIS DE LA TROMBOSIS VENOSA PROFUNDA|DS011
DS012
DS013
DS014
DS211
DS212
DS213
DS214",b9dc15839c2890e3,MedicalDeviceProduct(+SanitaryRegistration|Dossier),,,ficha=None;formulario=None,,,,PASS_MATCHED
CTT REGISTROS,45,"OSSUR|CABESTRILLO DE TELA|2041117

2041118",f1d2ea0af973393b,MedicalDeviceProduct(+SanitaryRegistration|Dossier),,,ficha=None;formulario=None,,,,PASS_MATCHED
CTT REGISTROS,46,"REBSTOCK|TIJERA MAYO|08.160.14 
08.160.17 
08.160.23 
08.161.14 
 08.161.17 
08.161.23",58f90e8391f3aec0,MedicalDeviceProduct(+SanitaryRegistration|Dossier),,,ficha=None;formulario=None,,,,PASS_MATCHED
CTT REGISTROS,47,"REBSTOCK|PINZA ALLIS DE 5 X 6 DIENTE|64.120.15
 64.120.19
 64.120.22
 64.120.24",7f58953b64304e5b,MedicalDeviceProduct(+SanitaryRegistration|Dossier),,,ficha=None;formulario=None,,,,PASS_MATCHED
CTT REGISTROS,48,"REBSTOCK|PINZA DE ARO O PORTA ESPONJA FOERSTER|16.170.20
 16.170.25
 16.171.18
 16.171.20
 16.171.25
 16.172.18
 16.172.25
 16.173.18
 16.173.25",f9ba0b494d253b06,MedicalDeviceProduct(+SanitaryRegistration|Dossier),,,ficha=None;formulario=None,,,,PASS_MATCHED
CTT REGISTROS,49,"REBSTOCK|PINZA DE DISECCIÓN ESTÁNDAR RECTA CON 1X2 DIENTE|10.120.11
10.120.13
10.120.14
10.120.16
10.120.18
10.120.20
10.120.25
10.120.30",bacc45f9a2210aa7,MedicalDeviceProduct(+SanitaryRegistration|Dossier),,,ficha=None;formulario=None,,,,PASS_MATCHED
CTT REGISTROS,50,REBSTOCK|TIJERA LEXER BABY CURVA|66011502,393f3b25ccef3f98,MedicalDeviceProduct(+SanitaryRegistration|Dossier),,,ficha=None;formulario=None,,,,PASS_MATCHED
CTT REGISTROS,51,"REBSTOCK|TIJERA SPENCER DE 9CM A 15CM (3 1/2"" A 6"")|08.802.09
08.802.11",c5f5122c781f149e,MedicalDeviceProduct(+SanitaryRegistration|Dossier),,,ficha=None;formulario=None,,,,PASS_MATCHED
CTT REGISTROS,52,"REBSTOCK|PINZA DE CAMPO (COMPRESAS) BACKHAUS|14.111.09
14.111.11
14.111.13
14.111.15
14.115.11",c6aeb6896d80f9d4,MedicalDeviceProduct(+SanitaryRegistration|Dossier),,,ficha=None;formulario=None,,,,PASS_MATCHED
CTT REGISTROS,53,"CARE U|BOLSA PARA NUTRICION ENTERAL POR GRAVEDAD|CU-FB02A
CU-FB02B
CU-FB02C
CU-FB02D",d6846e780b14be40,MedicalDeviceProduct(+SanitaryRegistration|Dossier),,,ficha=None;formulario=None,,,,PASS_MATCHED
CTT REGISTROS,54,4HOSPITALS INSUMOS Y EQUIPOS MEDICOS |SET DE ROPA GRADO MEDICO DESECHABLE PARA CAMA|MSP-ZTBKI,0c35a8b678f7a82f,MedicalDeviceProduct(+SanitaryRegistration|Dossier),,,ficha=None;formulario=None,,,,PASS_MATCHED
CTT REGISTROS,55,"REBSTOCK|PORTA AGUJA MAYO HEGAR|24.180.14

 24.180.16

 24.180.18

 24.180.20

 24.180.24

 24.180.26

 24.180.30

 24.190.16

 24.190.18

 24.190.20

24.184.14

24.184.16

24.184.18

24.184.20

24.184.24

24.184.26

24.",09ebb3f22ed93747,MedicalDeviceProduct(+SanitaryRegistration|Dossier),,,ficha=None;formulario=None,,,,PASS_MATCHED
CTT REGISTROS,56,REBSTOCK|PINZA ALLIS 4 X 5 DIENTES|64.110.15,9ce3cd5b88049310,MedicalDeviceProduct(+SanitaryRegistration|Dossier),,,ficha=None;formulario=None,,,,PASS_MATCHED
CTT REGISTROS,57,"REBSTOCK|PINZA HEMOSTATICA HALSTEAD-MOSQUITO RECTA|12.220.12
12.220.14
12.220.18
12.220.21
12.230.12
12.230.14
12.230.18
12.230.21",894dbbfd18be3eee,MedicalDeviceProduct(+SanitaryRegistration|Dossier),,,ficha=None;formulario=None,,,,PASS_MATCHED
CTT REGISTROS,58,REBSTOCK|PINZA HEMOSTATICA KELLY CURVA|12.241.14,071df32206085971,MedicalDeviceProduct(+SanitaryRegistration|Dossier),,,ficha=None;formulario=None,,,,PASS_MATCHED
CTT REGISTROS,59,"REBSTOCK|PINZA HEMOSTATICA ROCHESTER PEAN RECTA|12.310.13 13CM
12.310.14 14CM
12.310.16 16CM
12.310.18 18CM
12.310.20 20CM
 12.310.22 22CM
12.310.24 24CM
12.310.26 26CM
12.310.30 30CM",c72f491756792e37,MedicalDeviceProduct(+SanitaryRegistration|Dossier),,,ficha=None;formulario=None,,,,PASS_MATCHED
CTT REGISTROS,60,"REBSTOCK|PINZA HEMOSTATICA OC¡-ISNER KOCHER RECTA|12.322.14
12.322.16",3ff906459df73b06,MedicalDeviceProduct(+SanitaryRegistration|Dossier),,,ficha=None;formulario=None,,,,PASS_MATCHED
CTT REGISTROS,61,"REBSTOCK|PINZA DE DISECCION STANDARD RECTA SIN DIENTES.|10.102.11
10.102.13
10.102.14
10.102.16
10.102.18
10.102.20
10.102.25
10.102.30",4dd1a26574129be9,MedicalDeviceProduct(+SanitaryRegistration|Dossier),,,ficha=None;formulario=None,,,,PASS_MATCHED
CTT REGISTROS,62,"REBSTOCK|TIJERA MAYO NOBLE DE 17 CM|08.180.17
08.181.17",6073face79f54d31,MedicalDeviceProduct(+SanitaryRegistration|Dossier),,,ficha=None;formulario=None,,,,PASS_MATCHED
CTT REGISTROS,63,"REBSTOCK|TIJERA METZENBAUM|08.280.15
 08.280.18
 08.280.20
 08.280.23
 08.280.25
 08.280.28
 08.280.30
 08.284.15
 08.284.18
08.284.20
 08.284.23
 08.284.25
08.284.28
 08.284.30
 08.281.15
08.281.18
 08.281.20
 08.281.23",bf227c0c5c595bf1,MedicalDeviceProduct(+SanitaryRegistration|Dossier),,,ficha=None;formulario=None,,,,PASS_MATCHED
CTT REGISTROS,64,"REBSTOCK|TIJERA METZENBAUM FINA EN ""S""|08.295.18 (18CM)",abfbf611b2e07c9a,MedicalDeviceProduct(+SanitaryRegistration|Dossier),,,ficha=None;formulario=None,,,,PASS_MATCHED
CTT REGISTROS,65,"REBSTOCK|TIJERA TIPO THOREK|08.643.18
 08.643.25",f8cec0038f37988d,MedicalDeviceProduct(+SanitaryRegistration|Dossier),,,ficha=None;formulario=None,,,,PASS_MATCHED
CTT REGISTROS,66,"REBSTOCK|MANGO  DE BISTURI|02-02-073
02-52-073
02-02-075
02-52-075
02-52-078
02-02-079
02-02-077
02-52-077
02-02-084
02-52-084
02-02-085
02-52-085",54b4d5e5dd8a712b,MedicalDeviceProduct(+SanitaryRegistration|Dossier),,,ficha=None;formulario=None,,,,PASS_MATCHED
CTT REGISTROS,67,"REBSTOCK|PINZA HEMOSTATICA PENNINGTON|12.358.15
 12.358.20",eec55e5a20c9b8ef,MedicalDeviceProduct(+SanitaryRegistration|Dossier),,,ficha=None;formulario=None,,,,PASS_MATCHED
CTT REGISTROS,68,"REBSTOCK|TIJERA DE IRIS AGUDA|08.340.09
08.340.11
08.341.09
08.341.11",1f72867a58e57277,MedicalDeviceProduct(+SanitaryRegistration|Dossier),,,ficha=None;formulario=None,,,,PASS_MATCHED
CTT REGISTROS,69,"REBSTOCK|PINZA HEMOSTATICA SPENCER WELLS|12.331.13
12.331.15",5a524618877f8565,MedicalDeviceProduct(+SanitaryRegistration|Dossier),,,ficha=None;formulario=None,,,,PASS_MATCHED
CTT REGISTROS,70,"REBSTOCK|PINZA HEMOSTATICA ROCHESTER OCHSNER RECTA|12.320.13 13CM
 12.320.14 14CM
 12.320.16 16CM
 12.320.18 18CM
 12.320.20 20CM
 12.320.22 22CM
 12.320.24 24CM
 12.320.26 26CM",bbd4e65acdd8548c,MedicalDeviceProduct(+SanitaryRegistration|Dossier),,,ficha=None;formulario=None,,,,PASS_MATCHED
CTT REGISTROS,71,"REBSTOCK|PINZA HEMOSTATICA ROCHESTER PEAN CURVA.|12.311.13 13CM
12.311.14 14CM
12.311.16 16CM
12.311.18 18CM
12.311.20 20CM
12.311.22 22CM
12.311.24 24CM
12.311.26 26CM
12.311.30 30CM.",fc5ca0cf62e9acb4,MedicalDeviceProduct(+SanitaryRegistration|Dossier),,,ficha=None;formulario=None,,,,PASS_MATCHED
CTT REGISTROS,72,"REBSTOCK|PINZA ALLIS ATRAUMATICA|64.124.16
 64.124.20
 64.124.25",ed115037a1d2d5bb,MedicalDeviceProduct(+SanitaryRegistration|Dossier),,,ficha=None;formulario=None,,,,PASS_MATCHED
CTT REGISTROS,73,"REBSTOCK|PINZA LAHEY|12.491.19
12.493.23",23afd708a738cb40,MedicalDeviceProduct(+SanitaryRegistration|Dossier),,,ficha=None;formulario=None,,,,PASS_MATCHED
CTT REGISTROS,74,"REBSTOCK|PINZA TIPO RANDALL, STÁNDARPARA EXTRACCIÓN DE CALCULOS RENALES|62.231.01
62.231.02
62.231.03
62.231.04",718557810703ec4a,MedicalDeviceProduct(+SanitaryRegistration|Dossier),,,ficha=None;formulario=None,,,,PASS_MATCHED
CTT REGISTROS,75,REBSTOCK|PINZA HEMOSTATIGA KELLY RECTA|12.240.14,005bca645020c204,MedicalDeviceProduct(+SanitaryRegistration|Dossier),,,ficha=None;formulario=None,,,,PASS_MATCHED
CTT REGISTROS,76,"REBSTOCK|PINZA JUDD-ALLIS|64.140.15
 64.140.19",2978793ff4d453e1,MedicalDeviceProduct(+SanitaryRegistration|Dossier),,,ficha=None;formulario=None,,,,PASS_MATCHED
CTT REGISTROS,77,REBSTOCK|SEPARADOR DE VENA TIPO CUSHING 8MM X 10MM DE 21.5CM|02-70-190,8e84f7f367cc00a3,MedicalDeviceProduct(+SanitaryRegistration|Dossier),,,ficha=None;formulario=None,,,,PASS_MATCHED
CTT REGISTROS,78,"REBSTOCK|PINZA BABCOCK DE CARBURO DE TUNGTENO|64.164.16
64.164.20",4ea4fa29a38da65d,MedicalDeviceProduct(+SanitaryRegistration|Dossier),,,ficha=None;formulario=None,,,,PASS_MATCHED
CTT REGISTROS,79,"REBSTOCK|TIJERA LISTER PARA VENDAJE|08.901.11
 08.901.14
 08.901.18
 08.901.20",96e5ca6fb0916f4c,MedicalDeviceProduct(+SanitaryRegistration|Dossier),,,ficha=None;formulario=None,,,,PASS_MATCHED
CTT REGISTROS,80,"REBSTOCK|GANCHO DE PIEL TIPO JOSEPH, DE UN GARFIO AGUDO DE 15 A 16 CMS. (6 1/2"")|18,216,01",62817e88f06245c4,MedicalDeviceProduct(+SanitaryRegistration|Dossier),,,ficha=None;formulario=None,,,,PASS_MATCHED
CTT REGISTROS,81,"REBSTOCK|GANCHO DE PIEL TIPO JOSEPH, DE UN GARFIO AGUDO DE 15 A 16 CMS. (6 1/2¨)|18.216.01",f8755a1d10e4dc8b,MedicalDeviceProduct(+SanitaryRegistration|Dossier),,,ficha=None;formulario=None,,,,PASS_MATCHED
CTT REGISTROS,82,"DMD NEW BALANCE NEW MEDICAL|PINZA DE AGARRE LAPAROSCOPICA CON DIENTE, 5MM|DESI05TGR",a5679a8fed260091,MedicalDeviceProduct(+SanitaryRegistration|Dossier),,,ficha=None;formulario=None,,,,PASS_MATCHED
CTT REGISTROS,83,"REBSTOCK|PINZA HEMOSTATICA HALSTED MOSQUITO CURVA|12.221.12
12.221.14
12.221.18
12.221.21
12.231.12
12.231.14
12.231.18
12.231.21",686af2c04fa37de7,MedicalDeviceProduct(+SanitaryRegistration|Dossier),,,ficha=None;formulario=None,,,,PASS_MATCHED
CTT REGISTROS,84,"DS MAREF|MANGA DE COMPRESION NEUMATICA SECUENCIAL Y/O INTERMITENTE DEL TOBILLO HASTA LA RODILLA 
PARA PROFILAXIS DE LA TROMBOSIS VENOSA PROFUNDA|DS021
DS022
DS023
DS024
DS221
DS222
DS223
DS224",d9678219a19ecacc,MedicalDeviceProduct(+SanitaryRegistration|Dossier),,,ficha=None;formulario=None,,,,PASS_MATCHED
CTT REGISTROS,85,"DS MAREF|MANGA DE COMPRESION NEUMATICA SECUENCIAL Y/O INTERMITENTE PARA PANTORRILLA PARA PROFILAXIS DE LA TROMBOSIS VENOSA PROFUNDA|DS021
DS022
DS023
DS024
DS221
DS222
DS223
DS224",ed1711a414f868bd,MedicalDeviceProduct(+SanitaryRegistration|Dossier),,,ficha=None;formulario=None,,,,PASS_MATCHED
CTT REGISTROS,86,"REBSTOCK|PINZA HEMOSTATICA ROCHESTER OCHSNER CURVA|12.321.13
12.321.14
12.321.16
12.321.18
12.321.20
12.321.22
12.321.24
12.321.26",f3d7395c46769f70,MedicalDeviceProduct(+SanitaryRegistration|Dossier),,,ficha=None;formulario=None,,,,PASS_MATCHED
CTT REGISTROS,87,"OSSUR|INMOVILIZADOR DE RODILLA UNIVERSAL |210014
210016
210018
210020
210022
210024",a48763ed79c0cdff,MedicalDeviceProduct(+SanitaryRegistration|Dossier),,,ficha=None;formulario=None,,,,PASS_MATCHED
CTT REGISTROS,88,REBSTOCK|TIJERA UMBILICAL MODELO USA 10.5CM|08.550.10,2b1c22b0c97fd9ee,MedicalDeviceProduct(+SanitaryRegistration|Dossier),,,ficha=None;formulario=None,,,,PASS_MATCHED
CTT REGISTROS,89,OSSUR|CABESTRILLO UNIVERSAL AJUSTABLE PARA ADULTO|204070,91dcb0ddf77ef245,MedicalDeviceProduct(+SanitaryRegistration|Dossier),,,ficha=None;formulario=None,,,,PASS_MATCHED
CTT REGISTROS,90,"OSSUR|CABESTRILLO UNIVERSAL AJUSTABLE, ABIERTO PARA ADULTO|204070",997854de9e9fec86,MedicalDeviceProduct(+SanitaryRegistration|Dossier),,,ficha=None;formulario=None,,,,PASS_MATCHED
CTT REGISTROS,91,OSSUR|INMOVILIZADOR DE TOBILLO DE AIRE UNIVERSAL Y AMBIDIESTRO|70350,0f13515f494dae0f,MedicalDeviceProduct(+SanitaryRegistration|Dossier),,,ficha=None;formulario=None,,,,PASS_MATCHED
CTT REGISTROS,92,"OSSUR|FERULA CERVICAL PARA CUELLO DE DOS PIEZAS TIPO PHILLADELPHIA|PHP-T2XS
PHP-TP
PHP-T2S
PHP-T2M
PHP-T2L
PHP-T2XL
PHP-T3S
PHP-T3M
PHP-T3L
PHP-T3XL
PHP-T4S
PHP-T4M
PHP-T4L
PHP-T4XL
PHP-T5S
PHP-T5M
PHP-T5L
PHP-T5XL",492339eb836b8711,MedicalDeviceProduct(+SanitaryRegistration|Dossier),,,ficha=None;formulario=None,,,,PASS_MATCHED
CTT REGISTROS,93,"ME MEDICAL|CUCHILLA PARA PODADORA DE VELLOS Y CABELLOS CON SISTEMA OSCILANTE|SC001 (PODADORA)
SC002 (CUCHILLA UNIVERSAL)",10b8e5b36e121454,MedicalDeviceProduct(+SanitaryRegistration|Dossier),,,ficha=None;formulario=None,,,,PASS_MATCHED
CTT REGISTROS,94,"REBSTOCK|PINZA HEMOSTATICA CRILE|12.250.14
12.251.14
12.260.14
12.261.14",fa81306afe020534,MedicalDeviceProduct(+SanitaryRegistration|Dossier),,,ficha=None;formulario=None,,,,PASS_MATCHED
CTT REGISTROS,95,"REBSTOCK|GUIA PARA INTRODUCIR CATETER TIPO GUYON|66.184.39
 66.185.35",d71fc824196f9102,MedicalDeviceProduct(+SanitaryRegistration|Dossier),,,ficha=None;formulario=None,,,,PASS_MATCHED
CTT REGISTROS,96,CONTEC|MONITOR DE SIGNOS VITALES CON ACCESORIOS DE ADULTOS Y PEDIATRICOS.|CMS8000,41c04c07188311b0,MedicalDeviceProduct(+SanitaryRegistration|Dossier),,,ficha=None;formulario=None,,,,PASS_MATCHED
CTT REGISTROS,97,"REBSTOCK|TIJERA PARA CORTE DE YESO TIPO ESMARCH|08.913.20
08.913.22",9d1626cae0a1887a,MedicalDeviceProduct(+SanitaryRegistration|Dossier),,,ficha=None;formulario=None,,,,PASS_MATCHED
CTT REGISTROS,98,REBSTOCK|PINZAS THOMS-ALLIS|64.150.20,35a1b1cb33f5a931,MedicalDeviceProduct(+SanitaryRegistration|Dossier),,,ficha=None;formulario=None,,,,PASS_MATCHED
CTT REGISTROS,99,"REBSTOCK|TIJERA DE MAYO-STILLE|08.170.15
08.171.15
08.170.17
08.171.17",8268df48e95fb955,MedicalDeviceProduct(+SanitaryRegistration|Dossier),,,ficha=None;formulario=None,,,,PASS_MATCHED
CTT REGISTROS,100,"REBSTOCK|PORTA AGUJA CRILE-WOOD|24.164.15
24.164.18
24.164.20",73c7ab9028f16968,MedicalDeviceProduct(+SanitaryRegistration|Dossier),,,ficha=None;formulario=None,,,,PASS_MATCHED
CTT REGISTROS,101,"PRIMECAST|VENDA DE YESO DE POLIMERO CON POLIÉSTER|P02
P03
P04",9bb54a0d88520887,MedicalDeviceProduct(+SanitaryRegistration|Dossier),,,ficha=None;formulario=None,,,,PASS_MATCHED
CTT REGISTROS,102,"REBSTOCK|BANDEJA DE INSTRUMENTAL PARA PARTOS|88.133.29
02-08-443
08.901.20
02-06-112
02-06-120
24.180.18
02-03-547
02-03-557
02-04-560
02-04-050
88.130.15
10-11-344
10-06-685
",fc0639777deb4aca,MedicalDeviceProduct(+SanitaryRegistration|Dossier),,,ficha=None;formulario=None,,,,PASS_MATCHED
CTT REGISTROS,103,"MEDADV|MASCARA LARINGEA DE UN SOLO USO|M447
M448
M449
M450
M451
M415
M452",3f95264ae07601e1,MedicalDeviceProduct(+SanitaryRegistration|Dossier),,,ficha=None;formulario=None,,,,PASS_MATCHED
CTT REGISTROS,104,"4HOSPITALS, INC. |SONDA FOLEY DE LATEX RECUBIERTA CON SILICON, 2 VIAS, CON BALON DE 3CC/ML|66050400-3

66050401-3",4b51eb621a4b73ee,MedicalDeviceProduct(+SanitaryRegistration|Dossier),,,ficha=None;formulario=None,,,,PASS_MATCHED
CTT REGISTROS,105,"STERIKING|BOLSA MIXTA TERMOSELLABLE PARA ESTERILIZAR 6""X16""(150X400MM)PAPEL GRADO MEDICO 70g/m2|S13",024b1cbf39d4523b,MedicalDeviceProduct(+SanitaryRegistration|Dossier),,,ficha=None;formulario=None,,,,PASS_MATCHED
CTT REGISTROS,106,"4HOSPITALS INSUMOS Y EQUIPOS MEDICOS |MASCARA DE OXIGENO SIN REINHALACIÓN PEDIATRICA CON RESERVORIO|4H-YHM-706
4H-YHM-707
4H-YHM-708",c323aca3587388c4,MedicalDeviceProduct(+SanitaryRegistration|Dossier),,,ficha=None;formulario=None,,,,PASS_MATCHED
CTT REGISTROS,107,"BLUESAIL+|GUANTES DE NITRILO PARA EXAMEN SIN POLVO, NO ESTERIL|BS0102016
BS0102017
BS0102018
BS0102019
BS0102020
BS0102026
BS0102027
BS0102028
BS0102029
BS0102030
BS0102036
BS0102037
BS0102038
BS0102039
BS0102040
BS01020",09806a590bda9cb2,MedicalDeviceProduct(+SanitaryRegistration|Dossier),,,ficha=None;formulario=None,,,,PASS_MATCHED
CTT REGISTROS,108,"REBSTOCK|TIJERA ESTÁNDAR CURVA O RECTA|08.102.10
08.102.11
08.102.13
08.102.14
08.102.15
08.102.16
08.102.18
08.102.20
08.120.10
08.120.11
08.120.13
08.120.14
08.120.15
08.120.16
08.130.11
08.130.13
08.130.14
08.130.15
0",d85067b60cd9b38c,MedicalDeviceProduct(+SanitaryRegistration|Dossier),,,ficha=None;formulario=None,,,,PASS_MATCHED
CTT REGISTROS,109,"FASHION SEAL|Uniforme de Laboratorio|78757
78729
7921",f1c96d246b0411bf,MedicalDeviceProduct(+SanitaryRegistration|Dossier),,,ficha=None;formulario=None,,,,PASS_MATCHED
CTT REGISTROS,110,"WHITE CROSS|Uniforme de Laboratorio|2262 
 644 
 228 
 304",21b0b91c60d2da2e,MedicalDeviceProduct(+SanitaryRegistration|Dossier),,,ficha=None;formulario=None,,,,PASS_MATCHED
CTT REGISTROS,111,"ANNUY|GUANTES QUIRURGICO DE LATEX ESTERIL|GE060
GEO65
GE070
GE075
GE080
GE085
GE090",4436263583fa2132,MedicalDeviceProduct(+SanitaryRegistration|Dossier),,,ficha=None;formulario=None,,,,PASS_MATCHED
CTT REGISTROS,112,GENTELL|NEUTRALIZADOR DE OLORES BIOLÓGICOS|GEN-21000,f02639a0a4331219,MedicalDeviceProduct(+SanitaryRegistration|Dossier),,,ficha=None;formulario=None,,,,PASS_MATCHED
CTT REGISTROS,113,MEDICHOICE|NEUTRALIZADOR DE OLORES BIOLÓGICOS|OE2240,4d51e674a0493cc0,MedicalDeviceProduct(+SanitaryRegistration|Dossier),,,ficha=None;formulario=None,,,,PASS_MATCHED
CTT REGISTROS,114,"4HOSPITALS INSUMOS Y EQUIPOS MEDICOS |CONECTOR O CASSETTE LIBRE DEL DEHP PARA BOMBA DE INFUSIÓN|4H-JNM-2000

4H-JNM-2001",4254eedd9d7a5eba,MedicalDeviceProduct(+SanitaryRegistration|Dossier),,,ficha=None;formulario=None,,,,PASS_MATCHED
CTT REGISTROS,115,ZEDE|BOMBA DE INFUSIÓN.|N/A,d3f66584620db6b0,MedicalDeviceProduct(+SanitaryRegistration|Dossier),,,ficha=None;formulario=None,,,,PASS_MATCHED
CTT REGISTROS,116,"4 HOSPITAL POP PREMIUM|VENDA DE YESO|POP0527
POP0727
POP1027
POP1227
POP1527
POP1727
POP2027
POP0535
POP0735
POP1035
POP1235
POP1535
POP1735
POP2035
POP0545
POP0745
POP1045
POP1245
POP1545
POP1745
POP2045",0c99de5505930bbc,MedicalDeviceProduct(+SanitaryRegistration|Dossier),,,ficha=None;formulario=None,,,,PASS_MATCHED
CTT REGISTROS,117,QINGDAO DMD|DISECTOR CURVO MARYLAND PARA CIRUGÍA LAPAROSCOPICA|DES105MDR,5796c0097e4c904d,MedicalDeviceProduct(+SanitaryRegistration|Dossier),,,ficha=None;formulario=None,,,,PASS_MATCHED
CTT REGISTROS,118,"REBSTOCK|PINZA HEMOSTA BAINBRIDGE|12.480.15
12.480.18
12.481.15
12.481.18",db6dff3633ea3d70,MedicalDeviceProduct(+SanitaryRegistration|Dossier),,,ficha=None;formulario=None,,,,PASS_MATCHED
CTT REGISTROS,119,"REBSTOCK|PINZA HEMOSTATICA TIPO HARTMANN N RECTA O CURVA.|12.210.10
12.211.10
12.212.10
12.213.10",2fd159964bc9a914,MedicalDeviceProduct(+SanitaryRegistration|Dossier),,,ficha=None;formulario=None,,,,PASS_MATCHED
CTT REGISTROS,120,REBSTOCK|ESPECULO VAGINAL TIPO PEDERON|70.120.02,4ad4352c529f8da2,MedicalDeviceProduct(+SanitaryRegistration|Dossier),,,ficha=None;formulario=None,,,,PASS_MATCHED
CTT REGISTROS,121,DRY 4 YOU|PAÑAL DESECHABLE PARA RECIEN NACIDO HASTA 5 LIBRAS (2.27 KG) CON NUCLEO ABSORBENTE CENTRALIZADO|4H061BB,f2fca86d4543f280,MedicalDeviceProduct(+SanitaryRegistration|Dossier),,,ficha=None;formulario=None,,,,PASS_MATCHED
CTT REGISTROS,122,"PAKSEL/VIP BABY|PAÑAL DESECHABLE PARA NIÑO|8 690879191217
8 690879191323
8 690879191439
8 6908799191651
8 690879191767",2271c3021bd6b794,MedicalDeviceProduct(+SanitaryRegistration|Dossier),,,ficha=None;formulario=None,,,,PASS_MATCHED
CTT REGISTROS,123,"SELPED EXTRA DRY|PAÑAL DESECHABLE DE ADULTO|8690879712313
8690879712320",b8b8ed4269a595fe,MedicalDeviceProduct(+SanitaryRegistration|Dossier),,,ficha=None;formulario=None,,,,PASS_MATCHED
CTT REGISTROS,124,"DRY 4 YOU|PAÑAL DESECHABLE DE ADULTO|4H0611S
4H06112M
4H06112L
4H06112XL",b3192e7e0ae87db7,MedicalDeviceProduct(+SanitaryRegistration|Dossier),,,ficha=None;formulario=None,,,,PASS_MATCHED
CTT REGISTROS,125,"PAKSEL/INCOPED|PAÑAL DESECHABLE DE ADULTO|8690879414385
8690879414392
8690879414408",9f0065e720d7e061,MedicalDeviceProduct(+SanitaryRegistration|Dossier),,,ficha=None;formulario=None,,,,PASS_MATCHED
CTT REGISTROS,126,"SELPED |PAÑAL DESECHABLE DE ADULTO|8 690879 411117
8 690879 414880
8 690879 415115
8 690879 712221
8 690879 414774
8 690879 414996
8 690879 712214
8 690879 712207",d93891e5682ef5b2,MedicalDeviceProduct(+SanitaryRegistration|Dossier),,,ficha=None;formulario=None,,,,PASS_MATCHED
CTT REGISTROS,127,"MEDAS|SISTEMA DE CATETERIZACION VENOSO CENTRAL TRIPLE LUMEN|MEDAS M299T-T



MEDAS M211-T",9204df67bc0afbc6,MedicalDeviceProduct(+SanitaryRegistration|Dossier),,,ficha=None;formulario=None,,,,PASS_MATCHED
CTT REGISTROS,128,"MEDAS|SISTEMA DE CATETER VENOSO CENTRAL DOBLE LUMEN|MEDAS M268T



MEDAS M208T",f0b4f15d310360f2,MedicalDeviceProduct(+SanitaryRegistration|Dossier),,,ficha=None;formulario=None,,,,PASS_MATCHED
CTT REGISTROS,129,"STERIKING|ROLLO SIN FUELLE TERMOSELLABLE PARA ESTERILIZACION DE 16"" DE ANCHO X 660 PIES
 (40 CM Ó 400 MM X 200 MTS.), PAPEL GRADO MEDICO DE 70 g/M2|R47",ff23cd96e397f140,MedicalDeviceProduct(+SanitaryRegistration|Dossier),,,ficha=None;formulario=None,,,,PASS_MATCHED
CTT REGISTROS,130,"4HOSPITALS INSUMOS Y EQUIPOS MEDICOS |BATA PARA PREPARACION Y MANIPULACION DE CITOTOXICOS|MSP-ZTCGMV-1
MSP-ZTCGMV-2
MSP-ZTCGMV-3
MSP-ZTCGMV-4
MSP-ZTCGMV-5
MSP-ZTCGMC-1
MSP-ZTCGMC-2
MSP-ZTCGMC-3
MSP-ZTCGMC-4
MSP-ZTCGMC-5",049f436940f679a6,MedicalDeviceProduct(+SanitaryRegistration|Dossier),,,ficha=None;formulario=None,,,,PASS_MATCHED
CTT REGISTROS,131,"4HOSPITALS INSUMOS Y EQUIPOS MEDICOS |BATA DESECHABLE PARA EL USO GENERAL, NO ESTERIL AAMI NIVEL 2 |MSP-ZTIGMT2-1
MSP-ZTIGMT2-2
MSP-ZTIGMT2-3
MSP-ZTIGMT2-4
MSP-ZTIGMT2-7
MSP-ZTIGME2-1
MSP-ZTIGME2-2
MSP-ZTIGME2-3
MSP-ZTIG",e84685b173f9352b,MedicalDeviceProduct(+SanitaryRegistration|Dossier),,,ficha=None;formulario=None,,,,PASS_MATCHED
CTT REGISTROS,132,"4HOSPITALS INSUMOS Y EQUIPOS MEDICOS | BATA DESECHABLE PARA USO GENERAL NO ESTERIL. AAMI NIVEL 3|MSP-ZTIGMT3-1
MSP-ZTIGMT3-2
MSP-ZTIGMT3-3
MSP-ZTIGMT3-4

MSP-ZTIGMT3-7
MSP-ZTIGME3-1
MSP-ZTIGME3-2
MSP-ZTIGME3-3
MSP-ZTIGME",7b3acb7eced20e69,MedicalDeviceProduct(+SanitaryRegistration|Dossier),,,ficha=None;formulario=None,,,,PASS_MATCHED
CTT REGISTROS,133,"4HOSPITALS INSUMOS Y EQUIPOS MEDICOS |BATA QUIRURGICA ESTÉRIL AAMI NIVEL 2|MSP-ZTSGMBT2-1
MSP-ZTSGMBT2-2

MSP-ZTSGMBT2-3
MSP-ZTSGMBT2-4

MSP-ZTSGMBT2-7
MSP-ZTSGBT2-1
MSP-ZTSGBT2-2

MSP-ZTSGBT2-3
MSP-ZTSGBT2-4

MSP-ZTSGBT",48ea00e6eb85f405,MedicalDeviceProduct(+SanitaryRegistration|Dossier),,,ficha=None;formulario=None,,,,PASS_MATCHED
CTT REGISTROS,134,"4HOSPITALS INSUMOS Y EQUIPOS MEDICOS |BATA QUIRURGICA ESTÉRIL AAMI NIVEL 3|MSP-ZTSGMBT3-1
MSP-ZTSGMBT3-2
MSP-ZTSGMBT3-3
MSP-ZTSGMBT3-4

MSP-ZTSGMBT3-7
MSP-ZTSGBT3-1

MSP-ZTSGBT3-2

MSP-ZTSGBT3-3

MSP-ZTSGBT3-4

MSP-ZTSGB",ecc2aaace9ce9991,MedicalDeviceProduct(+SanitaryRegistration|Dossier),,,ficha=None;formulario=None,,,,PASS_MATCHED
CTT REGISTROS,135,"4HOSPITALS INSUMOS Y EQUIPOS MEDICOS |BATA PARA PACIENTE|MSP-ZTPGM-1
MSP-ZTPGM-2
MSP-ZTPGM-3
MSP-ZTPGM-4
MSP-ZTPGP-1
MSP-ZTPGP-2
MSP-ZTPGP-3
MSP-ZTPGP-4",e7550896f926df1e,MedicalDeviceProduct(+SanitaryRegistration|Dossier),,,ficha=None;formulario=None,,,,PASS_MATCHED
CTT REGISTROS,136,4HOSPITALS INSUMOS Y EQUIPOS MEDICOS |SET DE ROPA|SET-4HROPA,ec114c1d4d2ee10d,MedicalDeviceProduct(+SanitaryRegistration|Dossier),,,ficha=None;formulario=None,,,,PASS_MATCHED
CTT REGISTROS,137,"4HOSPITALS INSUMOS Y EQUIPOS MEDICOS |BATAS MÉDICAS|MSP-ZTLJMW-1
MSP-ZTLJMW-2
MSP-ZTLJMW-3
MSP-ZTLJMW-4
MSP-ZTLJMB-1
MSP-ZTLJMB-2
MSP-ZTLJMB-3
MSP-ZTLJMB-4",095ee9780ac57955,MedicalDeviceProduct(+SanitaryRegistration|Dossier),,,ficha=None;formulario=None,,,,PASS_MATCHED
CTT REGISTROS,138,4HOSPITALS INSUMOS Y EQUIPOS MEDICOS |SET DE ROPA PARA CITOSCOPÍA|SET-4HCIT,3dfa53c6f4833140,MedicalDeviceProduct(+SanitaryRegistration|Dossier),,,ficha=None;formulario=None,,,,PASS_MATCHED
CTT REGISTROS,139,REBSTOCK|PINZA HEMOSTATICA ADSON.|12.415.18,af6f58d0aeb1f24c,MedicalDeviceProduct(+SanitaryRegistration|Dossier),,,ficha=None;formulario=None,,,,PASS_MATCHED
CTT REGISTROS,140,"REBSTOCK|PINZA BABCOGK|64.160.16
64.160.18
64.160.20
64.160.24
64.168.16
64.168.20",ba0cbeafc0c0eaba,MedicalDeviceProduct(+SanitaryRegistration|Dossier),,,ficha=None;formulario=None,,,,PASS_MATCHED
CTT REGISTROS,141,"OSSUR|PRÓTESIS TRANSTIBIAL|1 cuenca confeccionada a la medida M-500 205, 2. pie protesico / en titanio / a 76611-A235100, Rodillera de suspension en neoprene / S1B - 4 , 5. Cobertor cosmetico B/5/ CFB-1BK B-25, Media cos",66c0c0bf0701ffdc,MedicalDeviceProduct(+SanitaryRegistration|Dossier),,,ficha=None;formulario=None,,,,PASS_MATCHED
CTT REGISTROS,142,"OSSUR|FERULA O COLLARIN CERVICAL RIGIDO|NIÑO: PHP-PP
ADULTO: PHP-PA",4141318df4bdb2a7,MedicalDeviceProduct(+SanitaryRegistration|Dossier),,,ficha=None;formulario=None,,,,PASS_MATCHED
CTT REGISTROS,143,"OSSUR|PATRIOTA-COLLAR CERVICAL RIGIDO|PHP-PA
PHP-PP",c93dfe7f80f5f220,MedicalDeviceProduct(+SanitaryRegistration|Dossier),,,ficha=None;formulario=None,,,,PASS_MATCHED
CTT REGISTROS,144,4HOSPITALS INSUMOS Y EQUIPOS MEDICOS |KIT DE PARTO PRE-HOSPITALARIO|MSP-ZTPDK,289af0c9e1ba9500,MedicalDeviceProduct(+SanitaryRegistration|Dossier),,,ficha=None;formulario=None,,,,PASS_MATCHED
CTT REGISTROS,145,REBSTOCK|BANDEJA DE LUMBOTOMIA|88.11 LUM,a65a2286c63ba518,MedicalDeviceProduct(+SanitaryRegistration|Dossier),,,ficha=None;formulario=None,,,,PASS_MATCHED
CTT REGISTROS,146,"4HOSPITALS, INC. |CANULA NASAL PARA ADMINISTRAR OXIGENO|56030301
56030302",7581deb2707aa05c,MedicalDeviceProduct(+SanitaryRegistration|Dossier),,,ficha=None;formulario=None,,,,PASS_MATCHED
CTT REGISTROS,147,4HOSPITALS INSUMOS Y EQUIPOS MEDICOS |BANDEJA DE LIMPIEZA DE TRAQUEOTOMIA DESECHABLE |4H-CZM-2502,ccace8b19b86ef12,MedicalDeviceProduct(+SanitaryRegistration|Dossier),,,ficha=None;formulario=None,,,,PASS_MATCHED
CTT REGISTROS,148,4HOSPITALS INSUMOS Y EQUIPOS MEDICOS |BANDEJA PARA LIMPIEZA DE TRAQUEOTOMIA DESECHABLE CON HILADILLO  |4H-CZM-2503,74f00780aaf994ba,MedicalDeviceProduct(+SanitaryRegistration|Dossier),,,ficha=None;formulario=None,,,,PASS_MATCHED
CTT REGISTROS,149,4HOSPITALS INSUMOS Y EQUIPOS MEDICOS |JUEGO PARA ENEMA DE LIMPIEZA RECTAL|4H-CML-2501,418bbe1fc0bceb51,MedicalDeviceProduct(+SanitaryRegistration|Dossier),,,ficha=None;formulario=None,,,,PASS_MATCHED
CTT REGISTROS,150,"REBSTOCK|COMPLEMENTO PARA LUMBOTOMIA|18,764,18

18.764.25
18.170.30
18.170.40
18.170.50
18.180.19
18.181.22
18.187.38
18.187.50
18.150.03
18.140.00
18.370.75
56.242.30

32.721.17
32.727.17
32.729.04
56.286.16
32.715.20
3",bd723a9725aabc07,MedicalDeviceProduct(+SanitaryRegistration|Dossier),,,ficha=None;formulario=None,,,,PASS_MATCHED
CTT REGISTROS,151,"DUMANPLAST|DISPOSITIVO (PANTALLA, ESCUDO O CARETA) DE PROTECCIÓN FACIAL.|DP15042020",79f9aaaac1491845,MedicalDeviceProduct(+SanitaryRegistration|Dossier),,,ficha=None;formulario=None,,,,PASS_MATCHED
CTT REGISTROS,152,"PRIME MEDICAL|FÉRULA DE PÓLIESTER PRECORTADO|P210
P312
P335
P415
P430
P530
P545
P630
P645",50c8e77330d12106,MedicalDeviceProduct(+SanitaryRegistration|Dossier),,,ficha=None;formulario=None,,,,PASS_MATCHED
CTT REGISTROS,153,"PRIMECAST|VENDA DE YESO DE POLIESTER|P02
P03
P04
P05",055d57c24be9b200,MedicalDeviceProduct(+SanitaryRegistration|Dossier),,,ficha=None;formulario=None,,,,PASS_MATCHED
CTT REGISTROS,154,"ORTHOMERICA|ORTESIS ABDUCTORA|3899
3900
3901
3902
3903
3906
3907
3908
3909
3910
",c3349a450147423a,MedicalDeviceProduct(+SanitaryRegistration|Dossier),,,ficha=None;formulario=None,,,,PASS_MATCHED
CTT REGISTROS,155,"4HOSPITALS INSUMOS Y EQUIPOS MEDICOS |JUEGO DE ROPA PARA MEDICO|MSP-ZTSSM-1
MSP-ZTSSM-2
MSP-ZTSSM-3
MSP-ZTSSM-4",9d282da9f2ac681e,MedicalDeviceProduct(+SanitaryRegistration|Dossier),,,ficha=None;formulario=None,,,,PASS_MATCHED
CTT REGISTROS,156,4HOSPITALS INSUMOS Y EQUIPOS MEDICOS |ROPA DESECHABLE DE NEUROCIRUGIA|SETXZP-4HNEURO,b3a6ca2a51dbc44e,MedicalDeviceProduct(+SanitaryRegistration|Dossier),,,ficha=None;formulario=None,,,,PASS_MATCHED
CTT REGISTROS,157,UM|BATA DESECHABLE PARA USO DE PACIENTES EN RADIOLOGIA|PT25013NE,ed5672517eba33e0,MedicalDeviceProduct(+SanitaryRegistration|Dossier),,,ficha=None;formulario=None,,,,PASS_MATCHED
CTT REGISTROS,158,"4HOSPITALS, INC. |COBERTOR MULTICAPAS PARA SUPERFICIES|4H-SSU-500
4H-SSU-501",9632cd5b557c483c,MedicalDeviceProduct(+SanitaryRegistration|Dossier),,,ficha=None;formulario=None,,,,PASS_MATCHED
CTT REGISTROS,159,4HOSPITALS INSUMOS Y EQUIPOS MEDICOS |COBERTORES PARA PARTO Y CESAREA|MSP-ZTCBS-1,decb3392be47de81,MedicalDeviceProduct(+SanitaryRegistration|Dossier),,,ficha=None;formulario=None,,,,PASS_MATCHED
CTT REGISTROS,160,"DS MAREF|EQUIPO PARA PROFILAXIS DE TROMBOSIS VENOSA PROFUNDA (TVP) POR COMPRESION NEUMATICA
SECUENCIAL O INTERMITENTE O AMBOS|DVT-4000S",4a1806e683dd8f4b,MedicalDeviceProduct(+SanitaryRegistration|Dossier),,,ficha=None;formulario=None,,,,PASS_MATCHED
CTT REGISTROS,161,"WALKAIDE|SISTEMA CLINICO DE ESTIMULACION ELECTRICA NEUROMUSCULAR FUNCIONAL PARA MIEMBROS 
INFERIORES|N/A",2729efa32aeb12d4,MedicalDeviceProduct(+SanitaryRegistration|Dossier),,,ficha=None;formulario=None,,,,PASS_MATCHED
CTT REGISTROS,162,"4HOSPITALS INSUMOS Y EQUIPOS MEDICOS |KIT DE MICRONEBULIZADOR PEDIATRICO Y ADULTO|56030700
56030710
56030711",bbd327762bb189c5,MedicalDeviceProduct(+SanitaryRegistration|Dossier),,,ficha=None;formulario=None,,,,PASS_MATCHED
CTT REGISTROS,163,"REBSTOCK|BANDEJA BASICA DE ORTOPEDIA PARA MIEMBROS SUPERIORES|18.281.03
18.281.06
32.384.45
12-24-159
06-65-536
06-65-537
06-15-620
06-15-622
32.441.13
32.441.18
02-20-232
02-20-241
32.660.07
32.660.10
32.490.20
32.490.5",fb4428bbb5dc48d1,MedicalDeviceProduct(+SanitaryRegistration|Dossier),,,ficha=None;formulario=None,,,,PASS_MATCHED
CTT REGISTROS,164,"REBSTOCK|BANDEJA BÁSICA DE CIRUGÍA ORTOPÉDICA|14.111.11
14.111.13
24.180.14
24.180.16
24.180.18
24.180.20
12.221.14
12.320.16
12.320.18
64.140.15
64.140.19
16.170.25
16.174.25
16.172.25
02-03-557
02-03-547
02-03-602
02-0",eaeb414a804e9dfe,MedicalDeviceProduct(+SanitaryRegistration|Dossier),,,ficha=None;formulario=None,,,,PASS_MATCHED
CTT REGISTROS,165,ZEDE/CAREU|BOMBA DE INFUSIÓN PARA ALIMENTACIÓN ENTERAL|CY-1200L,b4d79fa79766f3e3,MedicalDeviceProduct(+SanitaryRegistration|Dossier),,,ficha=None;formulario=None,,,,PASS_MATCHED
CTT REGISTROS,166,"AYGUN|CONTENEDORES CON FILTRO INCORPORADO PARA LA ESTERILIZACION|K8-2001V

K8-2001B

K8-2002BA

K8-2002V

K8-2002B

K8-2001BA

K8-2000V

K8-2000B

K8-2000BA

K6-2007

K6-2006

K6-2005

K8-701V

K8-701B

K8-701BA

K8-700V",8b2805af33aa8526,MedicalDeviceProduct(+SanitaryRegistration|Dossier),,,ficha=None;formulario=None,,,,PASS_MATCHED
CTT REGISTROS,167,"REBSTOCK|BANDEJA DE INSTRUMENTAL PARA PARTOS|14.111.09
14.111.11
14.111.13
14.111.15
24.180.14
24.180.16
24.190.16
24.180.18
24.190.18
24.180.20
24.190.20
24.180.24
24.180.26
12.271.14
12.263.16
12.313.14
12.313.16
12.31",30b61769a0def9cf,MedicalDeviceProduct(+SanitaryRegistration|Dossier),,,ficha=None;formulario=None,,,,PASS_MATCHED
CTT REGISTROS,168,"SKLAR|BANDEJA DE INSTRUMENTALES DE COLOPROCTOLOGIAPARA CONSULTA EXTERNA|80-1742
40-7204
40-7203
40-7202
40-7201
40-7200
06-4142
06-4143
06-4144
06-4145
06-4146
06-4147
06-4148
30-1960
30-1480
30-1210
30-1260
30-1160
30-1",dab977af65c79f17,MedicalDeviceProduct(+SanitaryRegistration|Dossier),,,ficha=None;formulario=None,,,,PASS_MATCHED
CTT REGISTROS,169,"4HOSPITALS INSUMOS Y EQUIPOS MEDICOS |CONECTOR PARA BOMBA DE INFUSIÓN CON FILTRO DE 1.2 MICRONES DE UNA
 O MAS SALIDAS|4H-TKM-2590",946984ad53dd7135,MedicalDeviceProduct(+SanitaryRegistration|Dossier),,,ficha=None;formulario=None,,,,PASS_MATCHED
CTT REGISTROS,170,4HOSPITALS INSUMOS Y EQUIPOS MEDICOS |VENDA DE GASA AJUSTABLE ABSORBEVTE DE 6 DOBLECES|64020516,8b4be0024dddaf66,MedicalDeviceProduct(+SanitaryRegistration|Dossier),,,ficha=None;formulario=None,,,,PASS_MATCHED
CTT REGISTROS,171,"ASANUS|BANDEJA DE COMPLEMENTO PARA CIRUGIA DE ORTOPEDIA ONCOLOGICA|KN0420
KN1394
KN1399
KN4445
KN4433
KN4432
KN4310
KN4311
KN4370
WH1080
WH1090
KN2070
KN2125
KN2130
CT5651
CT5674BG
ST5683
ST5597",871ce5f6838cc328,MedicalDeviceProduct(+SanitaryRegistration|Dossier),,,ficha=None;formulario=None,,,,PASS_MATCHED
CTT REGISTROS,172,"SKLAR|COMPLEMENTO PARA PROCTOLOGIA|80-1982
80-1986
40-7110
40-7100
40-7000
40-7120
40-7118
80-2910
30-2145
30-2150
30-2155
30-2160
30-1450
30-1460
30-1480
30-1945
30-1950
30-1955
30-1960
30-1145
30-1150
30-1155
30-1160
8",70291001e718b692,MedicalDeviceProduct(+SanitaryRegistration|Dossier),,,ficha=None;formulario=None,,,,PASS_MATCHED
CTT REGISTROS,173,4 HOSPITALS INSUMOS Y EQUIPOS MEDICOS|PANTALON CORTO CON VENTANA TRASERA |MSP-ZTPP-7,2f39eb69533e7e1a,MedicalDeviceProduct(+SanitaryRegistration|Dossier),,,ficha=None;formulario=None,,,,PASS_MATCHED
CTT REGISTROS,174,"4 HOSPITALS INSUMOS Y EQUIPOS MEDICOS|BANDEJA DE ORTOPEDIA PARA CIRUGIA AVANZADA DE RODILLA|WH1300
KN5050
KN5028
KN1007
KN1008
KN1009
KN1863
KN1862
KN1753
KN1754
NS2101
NS2060
KL0743
KL0760
EKL0760
KL4329
KL4052
KL3322
E",35a38c666640c2d3,MedicalDeviceProduct(+SanitaryRegistration|Dossier),,,ficha=None;formulario=None,,,,PASS_MATCHED
CTT REGISTROS,175,"4 HOSPITALS INSUMOS Y EQUIPOS MEDICOS|CONECTOR O EQUIPO DE INFUSION DE SOLUCION PARENTAL, CON DOS FILTRO|4H-TKM-2692",24baea12d81ee221,MedicalDeviceProduct(+SanitaryRegistration|Dossier),,,ficha=None;formulario=None,,,,PASS_MATCHED
CTT REGISTROS,176,4 HOSPITLAS|MASCARA DE TIENDA PARA OXIGENO CON TUBO CORRUGADO|4H-CSM-7795,6dd96cf0929b6f8e,MedicalDeviceProduct(+SanitaryRegistration|Dossier),,,ficha=None;formulario=None,,,,PASS_MATCHED
CTT REGISTROS,177,"4 HOSPITLAS|BANDEJA PARA CIRUGÍA DE ORTOPEDIA ONCOLÓGICA|PZ0354
KL2391
KL2390
KL3324
KL0410
KL0415
KL4347
KL4345
KL4047
KL4048
KL4380
KL0830
KL0730
KL0750
KL0741
KL0742
NH0570T
NH1280
NH1290
NH1230
SK0426-2
SK0428
SC7307",481997c4e6dabf54,MedicalDeviceProduct(+SanitaryRegistration|Dossier),,,ficha=None;formulario=None,,,,PASS_MATCHED
CTT REGISTROS,178,"4 HOSPITLAS|BANDEJA DE ORTOPEDIA PARA ORTROPLASTIA DE CADERA|WH1300
KN5050
KN5028
KN1008
KN1009
KN1863
KN1862
KN1753
KN1754
NS2101
KL0743
KL0760
KL4239
KL4052
KL3322
KL3323
KL3324
KL3325
KL0470
SC1932
SC2260
SC2305
SK042",2a4e605362d92ed4,MedicalDeviceProduct(+SanitaryRegistration|Dossier),,,ficha=None;formulario=None,,,,PASS_MATCHED
CTT REGISTROS,179,"4 HOSPITLAS|Cinta Adhesiva de Tela de Algodón (Esparadrapo)|4H-JNE-001
4H-JNE-002
4H-JNE-003",fe9e5b027950d8b6,MedicalDeviceProduct(+SanitaryRegistration|Dossier),,,ficha=None;formulario=None,,,,PASS_MATCHED
CTT REGISTROS,180,4 HOSPITLAS|Calzeta Tubular Ortopedica|None,b8a12aaccbd73a01,MedicalDeviceProduct(+SanitaryRegistration|Dossier),,,ficha=None;formulario=None,,,,PASS_MATCHED
CTT REGISTROS,181,4 HOSPITLAS|Venda de Yeso Marca Prime |None,5a846a8f0a045c62,MedicalDeviceProduct(+SanitaryRegistration|Dossier),,,ficha=None;formulario=None,,,,PASS_MATCHED
CTT REGISTROS,182,4 HOSPITLAS|Guantes de Nitrilo para Examen Sin Polvo no Esteril (marca 4Hospitals)|None,2d29f19b3019bb22,MedicalDeviceProduct(+SanitaryRegistration|Dossier),,,ficha=None;formulario=None,,,,PASS_MATCHED
CTT REGISTROS,183,4 HOSPITLAS|Guantes de Nitrilo con Puño Extendido|None,b665efd2a39a2521,MedicalDeviceProduct(+SanitaryRegistration|Dossier),,,ficha=None;formulario=None,,,,PASS_MATCHED
CTT REGISTROS,184,4 HOSPITLAS| Llave de Tres  Vias con dos (2) Puertos de Acceso|4310012G,33bbf284b1bdbc1a,MedicalDeviceProduct(+SanitaryRegistration|Dossier),,,ficha=None;formulario=None,,,,PASS_MATCHED
CTT REGISTROS,185,4 HOSPITLAS|Jeringa Prellenada de Solución Isotonica de Cloruro de Sodio Para Campo Esteril|None,848ffed8d04c8f8f,MedicalDeviceProduct(+SanitaryRegistration|Dossier),,,ficha=None;formulario=None,,,,PASS_MATCHED
CTT REGISTROS,186,"4 HOSPITLAS|CALENTADORES, PARA PACIENTES, POR AIRE FORZADO|TC-200",242fc7fd69ac2fa2,MedicalDeviceProduct(+SanitaryRegistration|Dossier),,,ficha=None;formulario=None,,,,PASS_MATCHED
CTT REGISTROS,187,"4 HOSPITLAS|PINZA TENACULO UTERINO SCHROEDER|GY2542
GY2540",d74b7dfa27d0998a,MedicalDeviceProduct(+SanitaryRegistration|Dossier),,,ficha=None;formulario=None,,,,PASS_MATCHED
CTT REGISTROS,188,"DRY 4YOU|PAÑAL DESECHABLE PARA NIÑO|4H06122S
4H06122M
4H06122L
4H06122XL
4H06122XXL",9bc9a762d2f67ed3,MedicalDeviceProduct(+SanitaryRegistration|Dossier),,,ficha=None;formulario=None,,,,PASS_MATCHED
CTT REGISTROS,189,"ASANUS|CURETA TIPO NOVAK|GY3051
GY3052
GY3053
GY3054",fa32ad4687151bf0,MedicalDeviceProduct(+SanitaryRegistration|Dossier),,,ficha=None;formulario=None,,,,PASS_MATCHED
CTT REGISTROS,190,"ASANUS|HISTEROMETRO SIMS|GY2360
GY2361",37379b43e1a50579,MedicalDeviceProduct(+SanitaryRegistration|Dossier),,,ficha=None;formulario=None,,,,PASS_MATCHED
CTT REGISTROS,191,"ASANUS|OSTEOTOMO LAMBOTTE|KN3636
KN3638
KN3640
KN3642
KN3650
KN3653
KN3660
KN3662
KN3670
KN3680
KN3690
KN3694
KN3698
KN3410
KN3411
KN3420
KN3430
KN3440
KN3451
KN3460
KN3470
KN3480
KN3490
KN3500
KN3510",6ec23f3751973dcf,MedicalDeviceProduct(+SanitaryRegistration|Dossier),,,ficha=None;formulario=None,,,,PASS_MATCHED
CTT REGISTROS,192,MDK MED|BOMBA DE INFUSION PARA ALIMENTACÓN ENTERAL|ME13,3a362a81890ecb39,MedicalDeviceProduct(+SanitaryRegistration|Dossier),,,ficha=None;formulario=None,,,,PASS_MATCHED
CTT REGISTROS,193,"4HOSPITALS INSUMOS Y EQUIPOS MEDICOS |APOSITO TRANSPARENTE CON ALMOHADILLA CENTRAL|4H-ZLM-208
4H-ZLM-209
4H-ZLM-210
4H-ZLM-211
4H-ZLM-212
4H-ZLM-213
4H-ZLM-214",215d5d1922d1dd9c,MedicalDeviceProduct(+SanitaryRegistration|Dossier),,,ficha=None;formulario=None,,,,PASS_MATCHED
CTT REGISTROS,194,(empty),e9cb91497f2265a5,none,,,,,empty product name,,REJECTED_EXPECTED
CTT REGISTROS,195,(empty),020bc92899f4bbdd,none,,,,,empty product name,,REJECTED_EXPECTED
CTT REGISTROS,196,(empty),dcbb5f3c5374abec,none,,,,,empty product name,,REJECTED_EXPECTED
CTT REGISTROS,197,(empty),0af69209be16c296,none,,,,,empty product name,,REJECTED_EXPECTED
CTT REGISTROS,198,(empty),da92ad448cb1ddb2,none,,,,,empty product name,,REJECTED_EXPECTED
CTT REGISTROS,199,(empty),baa872483fe4b75a,none,,,,,empty product name,,REJECTED_EXPECTED
CTT REGISTROS,200,(empty),1d7f38424e10cdb7,none,,,,,empty product name,,REJECTED_EXPECTED
CTT REGISTROS,201,(empty),bb5311b63845ee38,none,,,,,empty product name,,REJECTED_EXPECTED
DOCUMENTACION,2,FABRICANTE|DOCUMENTO,5f58ee2fdba4a0a8,ManufacturerCertificate,,,,,,,PASS_CREATED
DOCUMENTACION,3,SUZHOU ZEDE MEDICAL|CERTIFICADO DE LIBRE VENTA,fc437e1477095881,ManufacturerCertificate,,,,,,,PASS_CREATED
DOCUMENTACION,4,SUZHOU SUNING|CERTIFICADO ISO 13485,239e7cfc0714cf35,ManufacturerCertificate,,,,,,,PASS_CREATED
DOCUMENTACION,5,"DAESUNG MAREF CO., LTD.|CERTIFICADO CE (EUROPA)",b3e036d814ec5f8b,ManufacturerCertificate,,,,,,,PASS_CREATED
DOCUMENTACION,6,SKLAR|CERTIFICADO ISO 13485,86167ac398020b06,ManufacturerCertificate,,,,,,,PASS_CREATED
DOCUMENTACION,7,SUZHOU SUNING|CERTIFICADO CE (EUROPA),3cd61aacb1436101,ManufacturerCertificate,,,,,,,PASS_CREATED
DOCUMENTACION,8,WIPAK|CERTIFICADO DE LIBRE VENTA,379624fe72e649d7,ManufacturerCertificate,,,,,,,PASS_CREATED
DOCUMENTACION,9,SUZHOU SUNING|CERTIFICADO DE LIBRE VENTA,6f0e67d7c1ffe114,ManufacturerCertificate,,,,,,,PASS_CREATED
DOCUMENTACION,10,MEDAS INC|CERTIFICADO CE (EUROPA),cfcb58851a4e00ce,ManufacturerCertificate,,,,,,,PASS_CREATED
DOCUMENTACION,11,MEDAS INC|CERTIFICADO DE LIBRE VENTA,ee5c890297a2a0d0,ManufacturerCertificate,,,,,,,PASS_CREATED
DOCUMENTACION,12,SKLAR|CERTIFICADO DE LIBRE VENTA,fe383a11ff057cc9,ManufacturerCertificate,,,,,,,PASS_CREATED
DOCUMENTACION,13,SUZHOU ZEDE MEDICAL|CERTIFICADO CE (EUROPA),c99cf8c507a400ca,ManufacturerCertificate,,,,,,,PASS_CREATED
DOCUMENTACION,14,"ZHENGZHOU OLIVE ELECTRONIC TECHNOLOGY CO., LTD.|CERTIFICADO CE (EUROPA)",c28fda83db08ded5,ManufacturerCertificate,,,,,,,PASS_CREATED
DOCUMENTACION,15,AYGUN|CERTIFICADO ISO 13485,26095aa8504b35bf,ManufacturerCertificate,,,,,,,PASS_CREATED
DOCUMENTACION,16,AYGUN|CERTIFICADO DE LIBRE VENTA,e26c0fd95d524db0,ManufacturerCertificate,,,,,,,PASS_CREATED
DOCUMENTACION,17,AYGUN|CERTIFICADO CE (EUROPA),0e3a3166b7213a38,ManufacturerCertificate,,,,,,,PASS_CREATED
DOCUMENTACION,18," CONOD MEDICAL CO., LIMITED|CERTIFICADO DE LIBRE VENTA",c4826c2858f5da9c,ManufacturerCertificate,,,,,,,PASS_CREATED
DOCUMENTACION,19,"ACON BIOTECH (HANGZHOU) CO., LTD|CERTIFICADO ISO 13485",51701f65004b8e3b,ManufacturerCertificate,,,,,,,PASS_CREATED
DOCUMENTACION,20,"HUAIYIN MEDICAL INSTRUMENTS CO., LTD|CERTIFICADO DE LIBRE VENTA",7a53d4b3a44e6c2b,ManufacturerCertificate,,,,,,,PASS_CREATED
DOCUMENTACION,21,"BLUE SAIL MEDICAL CO., LTD|CERTIFICADO CE (EUROPA)",252d27ef2e70aefb,ManufacturerCertificate,,,,,,,PASS_CREATED
DOCUMENTACION,22,XIANTAO TONGDA NON-WOVEN|CERTIFICADO DE LIBRE VENTA,39b51534df4e6b23,ManufacturerCertificate,,,,,,,PASS_CREATED
DOCUMENTACION,23,"YUYAO HAIRUI MEDICAL DEVICE
 CO., LTD|CERTIFICADO ISO 13485",62b06e07dc026b7a,ManufacturerCertificate,,,,,,,PASS_CREATED
DOCUMENTACION,24,"SHENZHEN ENMIND TECHNOLOGY CO.,
LTD|CERTIFICADO DE LIBRE VENTA",adf00b3a1d7c6d99,ManufacturerCertificate,,,,,,,PASS_CREATED
DOCUMENTACION,25,TAIZHOU MEIKANG HEALTH PRODUCTS FACTORY|CERTIFICADO DE LIBRE VENTA,52eff8b3663a8300,ManufacturerCertificate,,,,,,,PASS_CREATED
DOCUMENTACION,26,"ANHUI ANYU LATEX PRODUCTS CO.,
LTD|CERTIFICADO ISO 13485",f5e318084a8186db,ManufacturerCertificate,,,,,,,PASS_CREATED
DOCUMENTACION,27,"YUYAO HAIRUI MEDICAL DEVICE
 CO., LTD|CERTIFICADO DE LIBRE VENTA",852ffc8bf7845cde,ManufacturerCertificate,,,,,,,PASS_CREATED
DOCUMENTACION,28,"CHANGZHOU CAREU MEDICAL INSTRUMENTS CO., LTD.|CERTIFICADO DE LIBRE VENTA",d3c78c36f8eaa843,ManufacturerCertificate,,,,,,,PASS_CREATED
DOCUMENTACION,29,"CHANGZHOU MAJOR MEDICAL 
PRODUCTS CO., LTD|CERTIFICDO ISO",cebefbf1828c6531,ManufacturerCertificate,,,,,,,PASS_CREATED
DOCUMENTACION,30,"ANHUI ANYU LATEX PRODUCTS CO.,
LTD|CERTIFICADO DE LIBRE VENTA",e3a9b2490cdb2303,ManufacturerCertificate,,,,,,,PASS_CREATED
DOCUMENTACION,31,"DAESUNG MAREF CO., LTD.|CERTIFICADO DE LIBRE VENTA",604ba8b15c950a30,ManufacturerCertificate,,,,,,,PASS_CREATED
DOCUMENTACION,32,SUZHOU ZEDE  MEDICAL |CERTIFICADO ISO 13485,04c6db2533ce52c3,ManufacturerCertificate,,,,,,,PASS_CREATED
DOCUMENTACION,33,CHANGSHU SUPER MEDICAL EQUIPMENT CO. LTD|CERTIFICADO DE LIBRE VENTA,ee6fdcfa2aa8930a,ManufacturerCertificate,,,,,,,PASS_CREATED
DOCUMENTACION,34,CHANGSHU SUPER MEDICAL EQUIPMENT CO. LTD|CERTIFICADO ISO 13485,231e8e02256d0347,ManufacturerCertificate,,,,,,,PASS_CREATED
DOCUMENTACION,35,SHANGDON YZM INTELLIGENT|CERTIFICADO ISO 13485,11e59083073848fd,ManufacturerCertificate,,,,,,,PASS_CREATED
DOCUMENTACION,36,PAKSEL|CERTIFICADO DE LIBRE VENTA,22921a299d7e6776,ManufacturerCertificate,,,,,,,PASS_CREATED
DOCUMENTACION,37,"BLUE SAIL MEDICAL CO., LTD|CERTIFICADO DE LIBRE VENTA",4078901705822b52,ManufacturerCertificate,,,,,,,PASS_CREATED
DOCUMENTACION,38,"CONTEC MEDICAL SYSTEM CO., LTD|CERTIFICADO DE LIBRE VENTA",81a878b09f962ded,ManufacturerCertificate,,,,,,,PASS_CREATED
DOCUMENTACION,39,ZHEJIANG LONGTERM |CERTIFICADO DE LIBRE VENTA,6e2119947939f75f,ManufacturerCertificate,,,,,,,PASS_CREATED
DOCUMENTACION,40,"ZHENGZHOU OLIVE ELECTRONIC TECHNOLOGY CO., LTD.|CERTIFICADO DE LIBRE VENTA",f7b4be474686c601,ManufacturerCertificate,,,,,,,PASS_CREATED
DOCUMENTACION,41,"QINDAO DMD MEDICAL TECHNOLOGY CO., LTD|CERTIFICADO ISO 13485",863cca8b2f2f5ab8,ManufacturerCertificate,,,,,,,PASS_CREATED
DOCUMENTACION,42,"QINDAO DMD MEDICAL TECHNOLOGY CO., LTD|CERTIFICADO DE LIBRE VENTA",790f0e712d5049da,ManufacturerCertificate,,,,,,,PASS_CREATED
DOCUMENTACION,43,INNOVATIVE NEURO TRICS|CERTIFICADO DE LIBRE VENTA,74291003acd259d1,ManufacturerCertificate,,,,,,,PASS_CREATED
DOCUMENTACION,44,INNOVATIVE NEURO TRICS|CERTIFICADO ISO 13485,a2f335e5146cf8fc,ManufacturerCertificate,,,,,,,PASS_CREATED
DOCUMENTACION,45,INNOVATIVE NEURO TRICS|CERTIFICADO CE (EUROPA),93c2e45428fd6b40,ManufacturerCertificate,,,,,,,PASS_CREATED
DOCUMENTACION,46,"JIANGMEN PROUDLY WATER-SOLUBLE
 PLASTIC CO.,|CERTIFICADO ISO 13485",2975368789e1e29f,ManufacturerCertificate,,,,,,,PASS_CREATED
DOCUMENTACION,47,"JIANGMEN PROUDLY WATER-SOLUBLE
 PLASTIC CO.,|CERTIFICADO DE LIBRE VENTA",e803b59563414628,ManufacturerCertificate,,,,,,,PASS_CREATED
DOCUMENTACION,48,"JIANGYIN NAQUAN MACROMOLECULE
 PRODUCT CO., LTD|CERTIFICADO ISO 13485",e03294327303a6e0,ManufacturerCertificate,,,,,,,PASS_CREATED
DOCUMENTACION,49,"JIANGYIN NAQUAN MACROMOLECULE
 PRODUCT CO., LTD|CERTIFICADO DE LIBRE VENTA",458aa9fb01fc57e3,ManufacturerCertificate,,,,,,,PASS_CREATED
DOCUMENTACION,50,NUREL MEDIKAL|CERTIFICADO CE (EUROPA),9cb62d811cba89cf,ManufacturerCertificate,,,,,,,PASS_CREATED
DOCUMENTACION,51,NUREL MEDIKAL|CERTIFICADO ISO 13485,759b4338e3d8bebd,ManufacturerCertificate,,,,,,,PASS_CREATED
DOCUMENTACION,52,NUREL MEDIKAL|CERTIFICADO DE LIBRE VENTA,782df14fb98ac9d6,ManufacturerCertificate,,,,,,,PASS_CREATED
DOCUMENTACION,53,"JIANGYIN NAQUAN MACROMOLECULE
 PRODUCT CO., LTD|CERTIFICADO CE (EUROPA)",6ee0d7842b095029,ManufacturerCertificate,,,,,,,PASS_CREATED
DOCUMENTACION,54,"SHENZHEN ENMIND TECHNOLOGY CO.,
LTD|CERTIFICADO ISO 13485",4ea6ada2d43304f3,ManufacturerCertificate,,,,,,,PASS_CREATED
DOCUMENTACION,55,"YANGZHOU DAINTYBIRD FUNERAL
PRODUCTS CO., LTD|CERTIFICADO DE LIBRE VENTA",b14ff28fc0b96c5a,ManufacturerCertificate,,,,,,,PASS_CREATED
DOCUMENTACION,56,"ANHUI TIANKANG MEDICAL TECHNOLOGY
CO., LTD
|CERTIFICADO ISO 13485",901065a0b39849f3,ManufacturerCertificate,,,,,,,PASS_CREATED
DOCUMENTACION,57,ORTHOMERICA PRODUCTS INC|CERTIFICADO DE LIBRE VENTA,d8dab02611255413,ManufacturerCertificate,,,,,,,PASS_CREATED
DOCUMENTACION,58,ORTHOMERICA PRODUCTS INC|CERTIFICADO ISO 13485,bc04fca66030feba,ManufacturerCertificate,,,,,,,PASS_CREATED
DOCUMENTACION,59,ORTHOMERICA PRODUCTS INC|CERTIFICADO CE (EUROPA),e8cae06a7dc028f8,ManufacturerCertificate,,,,,,,PASS_CREATED
DOCUMENTACION,60,MEDAS INC|CERTIFICADO ISO 13485,9b99d7144e04a6a8,ManufacturerCertificate,,,,,,,PASS_CREATED
DOCUMENTACION,61,OSSUR|CERTIFICADO ISO 13485,a883adb4346d85c6,ManufacturerCertificate,,,,,,,PASS_CREATED
DOCUMENTACION,62,OSSUR|CERTIFICADO DE LIBRE VENTA,e4f93f8ae2e771d2,ManufacturerCertificate,,,,,,,PASS_CREATED
DOCUMENTACION,63,OSSUR|CERTIFICADO CE (EUROPA),c5da57ee21b0b964,ManufacturerCertificate,,,,,,,PASS_CREATED
DOCUMENTACION,64,"HUAIYIN MEDICAL INSTRUMENTS CO., LTD|CERTIFICADO CE (EUROPA)",4c46a74c7ac71729,ManufacturerCertificate,,,,,,,PASS_CREATED
DOCUMENTACION,65,"ANHUI TIANKANG MEDICAL TECHNOLOGY
CO., LTD
|CERTIFICADO DE LIBRE VENTA",1eccdc1a1ea12fad,ManufacturerCertificate,,,,,,,PASS_CREATED
DOCUMENTACION,66,"CHANGZHOU CAREU MEDICAL INSTRUMENTS CO., LTD.|CERTIFICADO ISO 13485",312e76de97a328c9,ManufacturerCertificate,,,,,,,PASS_CREATED
DOCUMENTACION,67,WIPAK|CERTIFICADO ISO 13485,f686ec97e5f98837,ManufacturerCertificate,,,,,,,PASS_CREATED
DOCUMENTACION,68," CONOD MEDICAL CO., LIMITED|CERTIFICADO ISO 13485",6d499bc1da1c38e3,ManufacturerCertificate,,,,,,,PASS_CREATED
DOCUMENTACION,69,SHANGDON YZM INTELLIGENT|CERTIFICADO DE LIBRE VENTA,6633bb1ad5bab3f8,ManufacturerCertificate,,,,,,,PASS_CREATED
DOCUMENTACION,70,XIANTAO TONGDA NON-WOVEN|CERTIFICADO ISO 13485,5ac1a4941242cc1e,ManufacturerCertificate,,,,,,,PASS_CREATED
DOCUMENTACION,71,"HUAIYIN MEDICAL INSTRUMENTS CO., LTD|CERTIFICADO ISO 13485",8c5429ffedd917d9,ManufacturerCertificate,,,,,,,PASS_CREATED
DOCUMENTACION,72,"CONTEC MEDICAL SYSTEM CO., LTD|CERTIFICADO ISO 13485",40efdd28420e1962,ManufacturerCertificate,,,,,,,PASS_CREATED
DOCUMENTACION,73,"CONTEC MEDICAL SYSTEM CO., LTD|CERTIFICADO CE (EUROPA)",79337e862448268c,ManufacturerCertificate,,,,,,,PASS_CREATED
DOCUMENTACION,74,ZHEJIANG LONGTERM |CERTIFICDO ISO,e94231d7d8e20fd3,ManufacturerCertificate,,,,,,,PASS_CREATED
DOCUMENTACION,75,ZHEJIANG LONGTERM |CERTIFICADO CE (EUROPA),31d18c2c9559128f,ManufacturerCertificate,,,,,,,PASS_CREATED
DOCUMENTACION,76,REBSTOCK|CERTIFICADO DE LIBRE VENTA,fd057ee8d9cb7e16,ManufacturerCertificate,,,,,,,PASS_CREATED
DOCUMENTACION,77,"ZHENGZHOU OLIVE ELECTRONIC TECHNOLOGY CO., LTD.|CERTIFICADO ISO 13485",96b41f59822c09d2,ManufacturerCertificate,,,,,,,PASS_CREATED
DOCUMENTACION,78,"XIANTAO ZHONGTAI PROTECTIVE
PRODUCTS CO.,LTD.|CERTIFICADO ISO 13485",60d96603014ab20c,ManufacturerCertificate,,,,,,,PASS_CREATED
DOCUMENTACION,79,"YANGZHOU DAINTYBIRD FUNERAL
PRODUCTS CO., LTD|CERTIFICDO ISO",6a4b18453fd0e5d7,ManufacturerCertificate,,,,,,,PASS_CREATED
DOCUMENTACION,80,"ANHUI TIANKANG MEDICAL TECHNOLOGY
CO., LTD
|CERTIFICADO CE (EUROPA)",c9bfcc5701cc6fc0,ManufacturerCertificate,,,,,,,PASS_CREATED
DOCUMENTACION,81," CONOD MEDICAL CO., LIMITED|CERTIFICADO CE (EUROPA)",0f52a1b581a63e49,ManufacturerCertificate,,,,,,,PASS_CREATED
DOCUMENTACION,82,"ACON BIOTECH (HANGZHOU) CO., LTD|CERTIFICADO CE (EUROPA)",c795c5687e7aab0f,ManufacturerCertificate,,,,,,,PASS_CREATED
DOCUMENTACION,83,"ANHUI ANYU LATEX PRODUCTS CO.,
LTD|CERTIFICADO CE (EUROPA)",7232e76967c52653,ManufacturerCertificate,,,,,,,PASS_CREATED
DOCUMENTACION,84,CHANGSHU SUPER MEDICAL EQUIPMENT CO. LTD|CERTIFICADO CE (EUROPA),a31b0df6b5ed928d,ManufacturerCertificate,,,,,,,PASS_CREATED
DOCUMENTACION,85,"CHANGZHOU CAREU MEDICAL INSTRUMENTS CO., LTD.|CERTIFICADO CE (EUROPA)",dc345b2c1d6010e5,ManufacturerCertificate,,,,,,,PASS_CREATED
DOCUMENTACION,86,"CHANGZHOU MAJOR MEDICAL 
PRODUCTS CO., LTD|CERTIFICADO CE (EUROPA)",7de54af78c9c8202,ManufacturerCertificate,,,,,,,PASS_CREATED
DOCUMENTACION,87,"QINDAO DMD MEDICAL TECHNOLOGY CO., LTD|CERTIFICADO CE (EUROPA)",0165c030d870a4b4,ManufacturerCertificate,,,,,,,PASS_CREATED
DOCUMENTACION,88,"SHENZHEN ENMIND TECHNOLOGY CO.,
LTD|CERTIFICADO CE (EUROPA)",c402476d56bd2183,ManufacturerCertificate,,,,,,,PASS_CREATED
DOCUMENTACION,89,TAIZHOU MEIKANG HEALTH PRODUCTS FACTORY|CERTIFICADO CE (EUROPA),8c2251b76da37ace,ManufacturerCertificate,,,,,,,PASS_CREATED
DOCUMENTACION,90,"TAIZHOU RICH MEDICAL PRODUCTS CO.,
LTD|CERTIFICADO CE (EUROPA)",ccf9e3c5da03981a,ManufacturerCertificate,,,,,,,PASS_CREATED
DOCUMENTACION,91,PAKSEL|CERTIFICADO ISO 13485,84a90e1d193bfce1,ManufacturerCertificate,,,,,,,PASS_CREATED
DOCUMENTACION,92,XIANTAO TONGDA NON-WOVEN|CERTIFICADO CE (EUROPA),69cbe707df125857,ManufacturerCertificate,,,,,,,PASS_CREATED
DOCUMENTACION,93,"XIANTAO ZHONGTAI PROTECTIVE
PRODUCTS CO.,LTD.|CERTIFICADO CE (EUROPA)",b87d03a3535a297d,ManufacturerCertificate,,,,,,,PASS_CREATED
DOCUMENTACION,94,"YUYAO HAIRUI MEDICAL DEVICE
 CO., LTD|CERTIFICADO CE (EUROPA)",10c2ce89375eed3c,ManufacturerCertificate,,,,,,,PASS_CREATED
DOCUMENTACION,95,TAIZHOU MEIKANG HEALTH PRODUCTS FACTORY|CERTIFICADO ISO 13485,9cbb6d9298e673ac,ManufacturerCertificate,,,,,,,PASS_CREATED
DOCUMENTACION,96,"DAESUNG MAREF CO., LTD.|CERTIFICADO ISO 13485",224c2b952d276290,ManufacturerCertificate,,,,,,,PASS_CREATED
DOCUMENTACION,97,"TAIZHOU RICH MEDICAL PRODUCTS CO.,
LTD|CERTIFICADO ISO 13485",2506268bd718f4a9,ManufacturerCertificate,,,,,,,PASS_CREATED
DOCUMENTACION,98,"CHANGZHOU MAJOR MEDICAL 
PRODUCTS CO., LTD|CERTIFICADO DE LIBRE VENTA",373ddfcfd6c66a5b,ManufacturerCertificate,,,,,,,PASS_CREATED
DOCUMENTACION,99,"XIANTAO ZHONGTAI PROTECTIVE
PRODUCTS CO.,LTD.|CERTIFICADO DE LIBRE VENTA",b33beb2d61a947e5,ManufacturerCertificate,,,,,,,PASS_CREATED
DOCUMENTACION,100,"ACON BIOTECH (HANGZHOU) CO., LTD|CERTIFICADO DE LIBRE VENTA",fcb759906e54234e,ManufacturerCertificate,,,,,,,PASS_CREATED
DOCUMENTACION,101,"TAIZHOU RICH MEDICAL PRODUCTS CO.,
LTD|CERTIFICADO DE LIBRE VENTA",248e4277a4893394,ManufacturerCertificate,,,,,,,PASS_CREATED
DOCUMENTACION,102,REBSTOCK|CERTIFICADO ISO 13485,fa7c8c590830b898,ManufacturerCertificate,,,,,,,PASS_CREATED
DOCUMENTACION,103,PAKSEL|CERTIFICADO CE (EUROPA),6b04e8610024941f,ManufacturerCertificate,,,,,,,PASS_CREATED
DOCUMENTACION,104,"BLUE SAIL MEDICAL CO., LTD|CERTIFICADO ISO 13485",43cf9f288e4c9a08,ManufacturerCertificate,,,,,,,PASS_CREATED
DOCUMENTACION,105,REBSTOCK|CERTIFICADO CE (EUROPA),2d9467e4136d4493,ManufacturerCertificate,,,,,,,PASS_CREATED
DOCUMENTACION,106,SKLAR|CERTIFICADO CE (EUROPA),487df106f80baa9a,ManufacturerCertificate,,,,,,,PASS_CREATED
DOCUMENTACION,107,SHANGDON YZM INTELLIGENT|CERTIFICADO CE (EUROPA),e62aa7851ac29031,ManufacturerCertificate,,,,,,,PASS_CREATED
DOCUMENTACION,108,WIPAK|CERTIFICADO CE (EUROPA),fc829bf8bcc7a98e,ManufacturerCertificate,,,,,,,PASS_CREATED
DOCUMENTACION,109,"JIANGMEN PROUDLY WATER-SOLUBLE
 PLASTIC CO.,|CERTIFICADO CE (EUROPA)",ad646d19baa97d4a,ManufacturerCertificate,,,,,,,PASS_CREATED
DOCUMENTACION,110,"YANGZHOU DAINTYBIRD FUNERAL
PRODUCTS CO., LTD|CERTIFICADO CE (EUROPA)",3517032aa4bd11bf,ManufacturerCertificate,,,,,,,PASS_CREATED
DOCUMENTACION,111,SMART GLOVE CORPORATION Sdn. Bhd|CERTIFICADO ISO 13485,018227e682505e7e,ManufacturerCertificate,,,,,,,PASS_CREATED
DOCUMENTACION,112,SMART GLOVE CORPORATION Sdn. Bhd|CERTIFICADO DE LIBRE VENTA,1acf514d14aecc50,ManufacturerCertificate,,,,,,,PASS_CREATED
DOCUMENTACION,113,SMART GLOVE CORPORATION Sdn. Bhd|CERTIFICADO CE (EUROPA),be8bade9936ad8e4,ManufacturerCertificate,,,,,,,PASS_CREATED
DOCUMENTACION,114,ASANUS |CERTIFICADO ISO 13485,2e4fb201465055d0,ManufacturerCertificate,,,,,,,PASS_CREATED
DOCUMENTACION,115,ASANUS |CERTIFICADO DE LIBRE VENTA,aa06d4c82b22b8ff,ManufacturerCertificate,,,,,,,PASS_CREATED
DOCUMENTACION,116,ASANUS |CERTIFICADO CE (EUROPA),9abe12e46da546bb,ManufacturerCertificate,,,,,,,PASS_CREATED
DOCUMENTACION,117,"HEFEI MLUSH SANITARY PRODUCTS CO., LTD|CERTIFICADO ISO 13485",2728438d379a21cd,ManufacturerCertificate,,,,,,,PASS_CREATED
DOCUMENTACION,118,"HEFEI MLUSH SANITARY PRODUCTS CO., LTD|CERTIFICADO DE LIBRE VENTA",a123cdeaf7fba1f5,ManufacturerCertificate,,,,,,,PASS_CREATED
DOCUMENTACION,119,"HEFEI MLUSH SANITARY PRODUCTS CO., LTD|CERTIFICADO CE (EUROPA)",c1626461b67b0b12,ManufacturerCertificate,,,,,,,PASS_CREATED
DOCUMENTACION,120,"GUANGDONG ECAN MEDICAL CO., LTD|CERTIFICADO ISO 13485",03b394fcc95c7e39,ManufacturerCertificate,,,,,,,PASS_CREATED
DOCUMENTACION,121,"GUANGDONG ECAN MEDICAL CO., LTD|CERTIFICADO DE LIBRE VENTA",49c362905f124351,ManufacturerCertificate,,,,,,,PASS_CREATED
DOCUMENTACION,122,"GUANGDONG ECAN MEDICAL CO., LTD|CERTIFICADO CE (EUROPA)",33af16af3f707621,ManufacturerCertificate,,,,,,,PASS_CREATED
DOCUMENTACION,123,"MDKMED MEDICAL TECHNOLOGY CO., LTD|CERTIFICADO ISO 13485",88b540aa9bab41f5,ManufacturerCertificate,,,,,,,PASS_CREATED
DOCUMENTACION,124,"MDKMED MEDICAL TECHNOLOGY CO., LTD|CERTIFICADO DE LIBRE VENTA",4aa30fdcb162d70a,ManufacturerCertificate,,,,,,,PASS_CREATED
DOCUMENTACION,125,"MDKMED MEDICAL TECHNOLOGY CO., LTD|CERTIFICADO CE (EUROPA)",95083a9b8e9f96a0,ManufacturerCertificate,,,,,,,PASS_CREATED
DOCUMENTACION,126,"ZHEJIANG MDKINGDOM TECHNOLOGY CO.,LTD|CERTIFICADO ISO 13485",e8f1d8a03c761057,ManufacturerCertificate,,,,,,,PASS_CREATED
DOCUMENTACION,127,"ZHEJIANG MDKINGDOM TECHNOLOGY CO.,LTD|CERTIFICADO DE LIBRE VENTA",1cdbf4879cbf5420,ManufacturerCertificate,,,,,,,PASS_CREATED
DOCUMENTACION,128,"ZHEJIANG MDKINGDOM TECHNOLOGY CO.,LTD|CERTIFICADO CE (EUROPA)",0ea9be2ef9cb371e,ManufacturerCertificate,,,,,,,PASS_CREATED
DOCUMENTACION,129,LIFOTRONIC|CERTIFICADO ISO 13485,755b903f2e4f987b,ManufacturerCertificate,,,,,,,PASS_CREATED
DOCUMENTACION,130,LIFOTRONIC|CERTIFICADO DE LIBRE VENTA,85ec80b56ec341cf,ManufacturerCertificate,,,,,,,PASS_CREATED
DOCUMENTACION,131,LIFOTRONIC|CERTIFICADO CE (EUROPA),87bb5184fa390b8a,ManufacturerCertificate,,,,,,,PASS_CREATED
DOCUMENTACION,132,GLOBAL MEDIKIT |CERTIFICADO ISO 13485,fc3bd2e6ffc214d8,ManufacturerCertificate,,,,,,,PASS_CREATED
DOCUMENTACION,133,GLOBAL MEDIKIT |CERTIFICADO DE LIBRE VENTA,ee08155b783a0a1d,ManufacturerCertificate,,,,,,,PASS_CREATED
DOCUMENTACION,134,GLOBAL MEDIKIT |CERTIFICADO CE (EUROPA),da6e783bf13a6231,ManufacturerCertificate,,,,,,,PASS_CREATED
DOCUMENTACION,135,JIANGSU NANFANG|CERTIFICADO ISO 13485,93ecaeda8e683cb4,ManufacturerCertificate,,,,,,,PASS_CREATED
DOCUMENTACION,136,JIANGSU NANFANG|CERTIFICADO DE LIBRE VENTA,0ab570de4a828353,ManufacturerCertificate,,,,,,,PASS_CREATED
DOCUMENTACION,137,JIANGSU NANFANG|CERTIFICADO CE (EUROPA),64fabef0ec729602,ManufacturerCertificate,,,,,,,PASS_CREATED
DOCUMENTACION,138,GUANGZHOU TOP MEDI|CERTIFICADO ISO 13485,8c68446aeb205619,ManufacturerCertificate,,,,,,,PASS_CREATED
DOCUMENTACION,139,GUANGZHOU TOP MEDI|CERTIFICADO DE LIBRE VENTA,b4d9bded757299b4,ManufacturerCertificate,,,,,,,PASS_CREATED
DOCUMENTACION,140,GUANGZHOU TOP MEDI|CERTIFICADO CE (EUROPA),7ab7e2ed6ae8da0b,ManufacturerCertificate,,,,,,,PASS_CREATED
